geoid,name,total,hispanic,nh_white,nh_black,nh_aian,nh_asian,nh_nhpi,nh_sor,nh_two,white_alone,black_alone,aian_alone,asian_alone,nhpi_alone,sor_alone,white_any,black_any,aian_any,asian_any,nhpi_any,sor_any,one_race,two_plus,entropy
35620,"New York-Newark-Jersey City, NY-NJ-PA",20140470,5067627,8712176,2998607,33078,2488759,5296,213861,621066,9372521,3237789,151374,2509372,10534,2849324,10950142,3786301,351127,2770869,40749,4399990,18130914,2009556,1.41987
31080,"Los Angeles-Long Beach-Anaheim, CA",13200998,5891597,3762264,809993,23751,2173361,28236,73501,438295,4642684,848206,201786,2206797,33557,3332719,6418853,1026898,416493,2490301,78123,4835891,11265749,1935249,1.35255
16980,"Chicago-Naperville-Elgin, IL-IN-WI",9618502,2239376,4825000,1545811,10670,678669,2014,35395,281567,5197611,1576952,87573,685894,3424,1084012,6108811,1708238,216992,788226,12610,1821492,8635466,983036,1.29959
19100,"Dallas-Fort Worth-Arlington, TX",7637387,2235234,3266374,1196881,25958,601218,8121,30254,273347,3732436,1220934,74011,606605,9386,928751,4739457,1339635,223723,685493,20003,1742374,6572123,1065264,1.3811
26420,"Houston-The Woodlands-Sugar Land, TX",7122240,2669503,2399789,1209074,14383,588227,4491,33633,203140,2950362,1237934,73424,594858,5769,1139060,4001797,1345769,186678,663025,14700,2076299,6001407,1120833,1.38529
47900,"Washington-Arlington-Alexandria, DC-VA-MD-WV",6385162,1094950,2703319,1535923,11083,694753,3746,40572,300816,2844091,1562340,40077,699566,4609,591072,3409871,1721033,133890,830394,15117,971105,5741755,643407,1.44183
37980,"Philadelphia-Camden-Wilmington, PA-NJ-DE-MD",6245051,636151,3690540,1234464,8036,411368,1743,32793,229956,3793090,1273120,18986,414000,2395,320756,4162900,1407943,92378,476889,9305,552080,5822347,422704,1.20314
33100,"Miami-Fort Lauderdale-Pompano Beach, FL",6138333,2815574,1785506,1152098,6042,159068,1575,46822,171648,2428749,1194334,26147,164186,2227,598061,4064863,1336785,70430,210971,8641,2213455,4413704,1724629,1.2715
12060,"Atlanta-Sandy Springs-Alpharetta, GA",6089815,730470,2661835,2019208,10562,397009,2386,39254,229091,2773249,2048212,30425,399211,3031,365514,3180376,2186815,119190,456359,9119,641240,5619642,470173,1.33016
14460,"Boston-Cambridge-Newton, MA-NH",4941632,580852,3292281,339635,5433,426194,1121,67633,228483,3378922,364054,14862,428527,1544,340319,3714500,485022,58656,486837,6872,629369,4528228,413404,1.12786
38060,"Phoenix-Mesa-Chandler, AZ",4845832,1472948,2597577,265951,85509,204200,10660,22351,186636,2914770,282437,121773,210414,12185,648602,3535029,364035,206887,279356,27329,1125171,4190181,655651,1.22391
41860,"San Francisco-Oakland-Berkeley, CA",4749008,1086206,1718055,323385,9830,1293209,31470,33033,253820,1866480,335135,48985,1306262,33644,604026,2360485,416475,127166,1478207,61682,916407,4194532,554476,1.47958
40140,"Riverside-San Bernardino-Ontario, CA",4599839,2373208,1354348,320084,20372,341093,12940,24482,153312,1778318,341035,85471,353530,15577,1258383,2487022,421135,182049,433546,34282,1859883,3832314,767525,1.26157
19820,"Detroit-Warren-Dearborn, MI",4392041,219953,2799533,952462,9617,211344,953,17403,180776,2851199,961076,14481,212234,1137,88677,3095078,1034688,83425,251313,4369,203345,4128804,263237,1.08294
42660,"Seattle-Tacoma-Bellevue, WA",4018762,450476,2328818,239282,29445,612509,42432,23903,291897,2415355,246767,42655,617399,43882,211329,2820181,336123,130373,758367,73308,386357,3577387,441375,1.32119
33460,"Minneapolis-St. Paul-Bloomington, MN-WI",3690261,242621,2648247,333171,20136,264240,1172,15635,165039,2692366,337652,28161,265575,1365,122165,2918934,404733,82804,311848,5797,227013,3447284,242977,1.01608
41740,"San Diego-Chula Vista-Carlsbad, CA",3298634,1119629,1422205,145014,12841,400589,12991,18125,167240,1633129,155813,40968,410752,15286,520994,2118169,211886,101050,516944,35912,876840,2776942,521692,1.34605
45300,"Tampa-St. Petersburg-Clearwater, FL",3175275,652022,1888689,357018,6700,122602,2105,18129,128010,2045966,375855,13821,124691,2499,196803,2433607,447006,63478,158646,7138,503734,2759635,415640,1.18225
19740,"Denver-Aurora-Lakewood, CO",2963821,691711,1814213,157965,13639,134683,4657,14674,132279,1977329,166100,35716,137450,5247,261444,2338397,212912,100416,185340,11922,520084,2583286,380535,1.13674
12580,"Baltimore-Columbia-Towson, MD",2844510,215867,1499155,800885,5632,179428,1154,15126,127263,1533152,811018,10647,180507,1333,113345,1703806,878067,54473,217356,4940,197954,2650002,194508,1.24674
41180,"St. Louis, MO-IL",2820253,106269,1983321,503344,5296,81630,974,11400,128019,2007284,506762,7737,82202,1073,44807,2167116,552560,61436,106511,3633,109839,2649865,170388,0.958408
36740,"Orlando-Kissimmee-Sanford, FL",2673376,856028,1162010,386928,4550,121766,1914,26124,114056,1346558,410855,11829,124332,2423,304035,1779345,485027,50680,156324,7442,693621,2200032,473344,1.34309
16740,"Charlotte-Concord-Gastonia, NC-SC",2660329,312184,1537545,572695,8186,114333,1089,13092,101205,1582904,581927,14784,115125,1350,171410,1756810,634305,59049,136118,3709,276027,2467500,192829,1.20568
41700,"San Antonio-New Braunfels, TX",2558143,1389685,838674,166108,6205,71191,3330,10517,72433,1287229,181016,27536,75127,4282,357888,1890879,222144,74735,106117,9979,904540,1933078,625065,1.1211
38900,"Portland-Vancouver-Hillsboro, OR-WA",2512859,332155,1726583,72963,15305,176283,15009,13636,160925,1795557,76054,27292,178384,15724,151327,2049887,115616,89829,240439,29884,278426,2244338,268521,1.08046
40900,"Sacramento-Roseville-Folsom, CA",2397382,533221,1156794,159322,11663,349967,20333,14688,151394,1258236,167386,27479,356825,21523,249330,1544251,221962,89214,435120,38877,416422,2080779,316603,1.41906
38300,"Pittsburgh, PA",2370930,52920,1947870,196784,2402,67954,666,9260,93074,1961483,199469,3385,68267,734,21019,2071239,239275,33214,83374,2405,65843,2254357,116573,0.71277
12420,"Austin-Round Rock-Georgetown, TX",2283371,728021,1133113,151516,5461,159409,1577,11241,93033,1309166,160079,20993,161760,2044,253284,1667658,194440,65653,199200,8545,542513,1907326,376045,1.25403
29820,"Las Vegas-Henderson-Paradise, NV",2265461,701416,892802,275002,8487,231972,18877,12890,124015,1016368,286684,23735,237663,20572,348344,1312732,347336,64415,303237,43515,556748,1933366,332095,1.46856
17140,"Cincinnati, OH-KY-IN",2256884,95073,1712872,270805,3236,67282,1955,8652,97009,1731692,273322,6004,67673,2041,47222,1852804,312560,45729,84846,4116,93592,2127954,128930,0.873985
28140,"Kansas City, MO-KS",2192035,229233,1501275,257939,8190,66670,4409,8509,115810,1553996,262220,12868,67299,4627,93118,1740554,307147,67376,88330,8427,189813,1994128,197907,1.06367
18140,"Columbus, OH",2138926,110967,1478968,330686,3553,104754,603,10098,99297,1499350,334842,6312,105237,719,57101,1623793,382677,43614,125773,2800,106416,2003561,135365,1.02572
26900,"Indianapolis-Carmel-Anderson, IN",2111040,177787,1439031,313376,3561,81180,779,9630,85696,1470029,317192,7907,81664,906,94921,1599168,356927,41413,98308,3015,158809,1972619,138421,1.04641
17460,"Cleveland-Elyria, OH",2088251,133862,1407943,402294,2793,53413,373,8178,79395,1439216,410206,4759,53852,518,53506,1554318,451096,34313,68330,2385,113543,1962057,126194,1.00933
41940,"San Jose-Sunnyvale-Santa Clara, CA",2000468,526598,575493,42627,3461,755588,6072,10527,80102,649847,45600,23789,761453,7080,291761,852435,63787,51892,823200,15992,432895,1779530,220938,1.34458
34980,"Nashville-Davidson--Murfreesboro--Franklin, TN",1989519,193873,1359362,281767,4204,61019,904,8160,80230,1393064,284784,8954,61536,1007,100773,1523972,316860,44107,78817,3077,169479,1850118,139401,1.03936
47260,"Virginia Beach-Norfolk-Newport News, VA-NC",1799674,134850,941693,533432,5357,72643,2597,9729,99373,971907,544740,8043,73979,2913,51699,1098299,600322,43792,106102,8016,105273,1653281,146393,1.23797
39300,"Providence-Warwick, RI-MA",1676579,236852,1199708,78509,4451,52018,422,20122,84497,1238683,87836,9828,52740,707,134309,1354547,145875,32196,65800,3156,242213,1524103,152476,0.988559
27260,"Jacksonville, FL",1605848,163852,953455,333675,3861,66062,1540,9503,73900,989709,341206,5803,67200,1699,58592,1118547,376757,33090,88686,4941,136180,1464209,141639,1.19336
33340,"Milwaukee-Waukesha, WI",1574731,182777,1009707,250219,5124,65831,425,6115,54533,1049801,255992,9321,66386,544,72506,1162133,284455,30040,79603,2032,144045,1454550,120181,1.11881
36420,"Oklahoma City, OK",1425695,212546,845718,143297,49924,46085,1637,6023,120465,891675,146494,57257,46662,1814,101957,1059211,184271,144700,62302,4306,163821,1245859,179836,1.29242
39580,"Raleigh-Cary, NC",1413982,169603,823769,253361,3899,98948,541,7400,56461,849730,258213,8014,99393,699,90578,946914,285860,29254,116014,2284,149020,1306627,107355,1.23867
32820,"Memphis, TN-MS-AR",1337779,94948,552793,609275,2333,32131,488,4887,40924,565211,612104,4504,32359,585,58640,622405,633158,21957,40106,1742,87021,1273403,64376,1.14185
40060,"Richmond, VA",1314434,104488,726834,359605,4196,56725,661,7205,54720,742863,364714,6188,57088,826,58210,817471,393577,26330,71355,2395,94795,1229889,84545,1.20218
31140,"Louisville/Jefferson County, KY-IN",1285439,82964,918741,187481,2455,31597,808,5291,56102,934133,189663,4279,31854,882,37395,1015409,216243,26979,41119,2171,75789,1198206,87233,0.964673
35380,"New Orleans-Metairie, LA",1271845,146939,614816,418564,3772,36826,408,6622,43898,640222,423909,6113,37355,499,61127,730165,450452,25315,47281,1672,127514,1169225,102620,1.23246
41620,"Salt Lake City, UT",1257936,241610,859113,22412,7650,50752,21831,5819,48749,908981,23939,13915,51556,22393,114329,1025475,35935,31438,70255,30940,194024,1135113,122823,1.03082
25540,"Hartford-East Hartford-Middletown, CT",1213531,187902,775080,131229,1562,66686,259,7039,43774,811768,141209,3809,67296,437,88071,901276,168268,18844,77934,1865,153963,1112590,100941,1.13522
15380,"Buffalo-Cheektowaga, NY",1166902,67476,851927,146080,6961,48529,244,3991,41694,869384,151535,8022,48843,327,24611,928136,173243,22770,57021,1185,53288,1102722,64180,0.957676
13820,"Birmingham-Hoover, AL",1115289,64820,663010,326696,2273,19188,447,3266,35589,673269,328242,4508,19315,520,35833,722894,341021,22955,24635,1266,58821,1061687,53602,1.04687
