"sid","name","total","against","pct_against","candidates"
"C00669259","FF PAC",505077660.37,577328.88,0.1,3
"C00825851","MAKE AMERICA GREAT AGAIN INC.",366080859.12,308361117.45,84.2,7
"C00865444","WinSenate",315025998.46,290805485.69,92.3,19
"C00495028","HMP",241069107.74,219363604.86,91,78
"C00571703","Senate Leadership Fund",211093032.88,200413136.72,94.9,11
"C00687103","Americans for Prosperity Action, Inc. (AFP Action) DBA CVA Action and DBA LIBRE Action",160499762.25,52252982.26,32.6,89
"C00878801","PRESERVE AMERICA PAC",112321879.52,112266879.52,100,2
"C00000935","DCCC",102986088.56,97760983.8,94.9,44
"C00828061","SFA Fund, Inc",99891785.59,35570479.15,35.6,5
"C00492140","AB PAC",86042846.48,86042846.48,100,1
"C00867036","RIGHT FOR AMERICA",69583233.16,51119938.98,73.5,2
"C00844613","WIN IT BACK PAC",62802353.62,61368815.73,97.7,23
"C00487363","American Crossroads",60227818.91,60013430.74,99.6,5
"C00836221","DEFEND AMERICAN JOBS",59326857.44,1531014.96,2.6,20
"C00849489","KEYSTONE RENEWAL PAC",54394982.49,41333144.35,76,2
"C00486845","LCV Victory Fund",53368286.97,17029960.67,31.9,69
"C00075820","NRCC",50576806.62,50282135.37,99.4,29
"C00042366","DSCC",43754853.31,43754853.31,100,5
"C00571588","RESTORATION PAC",42747110.92,41859266.33,97.9,5
"C00835959","Fairshake",40665514.98,13529359.01,33.3,29
"C00799031","UNITED DEMOCRACY PROJECT (UDP)",39044058.49,24958615.07,63.9,14
"C00848440","Protect Progress",34523202.41,239713.5,0.7,21
"C00849729","Last Best Place PAC",33816255.22,32027579.78,94.7,2
"C00870030","MARYLAND'S FUTURE",31564723.68,31206739.39,98.9,2
"C00609388","BlackPAC",29697063.54,694077.85,2.3,7
"C00473918","Women Vote",29282154.34,19391464.25,66.2,15
"C00752691","One For All Committee",27330342.49,0,0,8
"C00796045","Truth and Courage PAC",25817658.83,21952920.49,85,2
"C00881987","DUTY TO AMERICA PAC",23591142.83,23154436.91,98.1,2
"C00693838","MORE JOBS, LESS GOVERNMENT",22914874.23,16063520.37,70.1,4
"C00804856","Republican Accountability PAC",22787963.85,22753094.09,99.8,3
"C00027466","NRSC",21361846.75,21280189.99,99.6,6
"C00744920","CFFE PAC",21318636.17,1275786.17,6,10
"C00853861","GLCF, INC.",21184890.58,4488561.58,21.2,2
"C00891291","RBG PAC",20476000,0,0,1
"C00724203","Somos PAC",20102307.24,456942.11,2.3,17
"C00842344","BEST OF AMERICA PAC",19009955.72,285932.5,1.5,2
"C00886614","YOUR COMMUNITY PAC",18975432.96,2658590.04,14,8
"C00487470","CLUB FOR GROWTH ACTION",18655912.21,12968685.37,69.5,26
"C00834630","BUCKEYE VALUES PAC",18180496.57,18047313.77,99.3,6
"C00876482","Retire Career Politicians",17599137.38,7294667.92,41.4,4
"C00870592","FIX WASHINGTON PAC",16581630.12,15728144.74,94.9,2
"C00840546","TRUST IN THE MISSION PAC",14978801.31,0,0,1
"C00620971","For Our Future",14456166.18,455430.5,3.2,24
"C00418897","VoteVets",13848411.21,6141648.7,44.3,22
"C00528554","RJC Victory Fund",13344390.75,12018049.72,90.1,16
"C00821439","American Values 2024",13168914.81,0,0,2
"C00707844","EDF Action Votes",12554191.73,10571213.22,84.2,26
"C00053553","NATIONAL RIFLE ASSOCIATION OF AMERICA POLITICAL VICTORY FUND",12381044.88,4079099.99,32.9,114
"C00488742","National Association of Realtors Congressional Fund",11750451.66,0,0,9
"C00811166","The Sentinel Action Fund",11273304.79,2985732.27,26.5,12
"C00871368","Project 218",11065022.74,0,0,16
"C90011156","Working America",10902252.03,1595461.62,14.6,65
"C00004036","SEIU COPE (Service Employees International Union Committee On Political Education)",10614327.77,1878655.87,17.7,38
"C00857011","FIGHT RIGHT INC",10553442,10127832.33,96,3
"C00825091","Vote Alaska Before Party",10100649.18,10100649.18,100,4
"C00832691","Standing Strong PAC",10039363,9869363,98.3,2
"C00490375","National Nurses United for Patient Protection",9931109.8,0,0,12
"C00864926","AMERICA LEADS ACTION INC.",9750711.89,8958614.53,91.9,16
"C00540443","Giffords PAC",9623630.81,9388301.14,97.6,8
"C00688655","EVERYTOWN FOR GUN SAFETY VICTORY FUND (EVERYTOWN VICTORY FUND)",9428677.71,5474826.21,58.1,25
"C00754051","WORKERS VOTE",9367527.36,940736.03,10,12
"C90018904","The Conservative Caucus dba Americans for Constitutional Liberty",8832163.23,329487.23,3.7,8
"C00606962","WORKING FAMILIES PARTY PAC",8655425.23,841516.71,9.7,31
"C00489856","ESAFund",8544882.93,7390038.24,86.5,5
"C00837427","PROJECT RESCUE AMERICA",8531652.32,8531652.32,100,1
"C00657866","Protect Freedom Political Action Committee",8294040.28,1313270,15.8,30
"C00530766","Women Speak Out PAC",8270434.58,6283867.01,76,11
"C00748475","CONSERVATIVE OUTSIDER PAC INC",8244160.17,2645179.24,32.1,5
"C00756569","Worker Power PAC",8072470.73,0,0,8
"C00544387","American Principles Project PAC",8027233.93,1869701.93,23.3,12
"C00841593","TELL IT LIKE IT IS PAC",7927900.58,2945187.05,37.1,2
"C00790923","BUCKEYE LEADERSHIP FUND",7664535.5,6462159.65,84.3,3
"C00668905","American Patriots PAC",7535769.2,4243614.64,56.3,5
"C00881805","SAG PAC INC.",7346958.03,7095581.03,96.6,3
"C00835967","CONSERVATIVES FOR AMERICAN EXCELLENCE INC.",7330603.74,5517775.9,75.3,18
"C00786830","WelcomePAC",6872554.79,1446780.72,21.1,13
"C00769232","JEFFERSON RISING",6694347.74,5725847.74,85.5,10
"C00869073","Power to the Polls Federal Fund",6689791.42,2950134.53,44.1,5
"C00859355","Battleground New York",6645033.82,202224.56,3,10
"C00833749","AMERICAN EXCEPTIONALISM PAC",6554190.89,0,0,1
"C00847145","STATE ACTION FUND PAC INC.",6343970.11,3517143.79,55.4,3
"C00883827","Civic Truth Action",6224326.48,0,0,2
"C00725820","The Lincoln Project",5992690.98,5347463.8,89.2,3
"C00801803","SOS AMERICA PAC",5941886.77,0,0,1
"C00483883","RETIRED AMERICANS PAC",5741048.15,4096028.21,71.3,10
"C00835041","Forward Blue PAC",5640592.88,833550,14.8,17
"C00698936","WFW ACTION FUND INC",5635018.73,1842083.85,32.7,14
"C00365536","CHC BOLD PAC",5586700.01,2323445.24,41.6,15
"C00633248","314 Action Fund",5528165.37,2505139.49,45.3,10
"C00448696","SENATE CONSERVATIVES FUND",5508605.23,0,0,16
"C00845685","Leadership for Ohio Fund",5477980.7,2229013.12,40.7,2
"C00855064","CONSERVATIVE VALUES FOR UTAH",5342129.42,353009.27,6.6,2
"C00030718","National Association of Realtors Political Action Committee",5339555.27,0,0,79
"C00753277","Black Voters Matter Action PAC",5228328.68,0,0,10
"C00831404","WITH HONOR FUND II, INC.",5221653.55,0,0,23
"C00860155","Montana Outdoor Values Action Fund",5050587.5,0,0,1
"C00733352","Americans 4 Security PAC",4944225.6,4938353.6,99.9,3
"C00882555","FUTURE COALITION PAC",4806118.9,1984759.09,41.3,2
"C90022328","NATIONAL INTEREST ACTION INC",4765675.9,2333915.6,49,5
"C00718353","MILLIONS OF MICHIGANIANS",4662300.59,1852510.74,39.7,4
"C00890335","STRATEGIC MAJORITY PAC",4556977.5,4556977.5,100,8
"C00888172","MAHA ALLIANCE",4540195.1,2077542.5,45.8,4
"C00701888","Unite the Country",4474497.24,205000,4.6,3
"C00740225","NRDC Action Votes",4404837.76,4404837.76,100,12
"C00815928","READY FOR RON",4345000,3335000,76.8,2
"C00882381","PEOPLE POWER PENNSYLVANIA",4317833.74,2174726.63,50.4,3
"C00011114","American Federation of State County & Municipal Employees PEOPLE",4307622.5,1207436.81,28,18
"C90022518","Ohio Works",4247968.95,1736189.59,40.9,2
"C00844282","PIVOTPAC",4213145.07,273415.18,6.5,2
"C00710848","DMFI PAC",4150217.61,1157123.89,27.9,49
"C00666388","Duty and Country",4032811.36,3193055,79.2,2
"C00550970","Equality PAC",3998694.54,179566.01,4.5,14
"C00804823","Mainstream Democrats PAC",3879980.67,1756987.95,45.3,12
"C00882050","TOGETHER FOR NEVADA'S FUTURE PAC",3844644,0,0,1
"C00872085","SOUTH CAROLINA PATRIOTS PAC",3815643,3307831.95,86.7,2
"C00662221","HOUSE FREEDOM ACTION",3766889.73,2089306.94,55.5,27
"C00808121","BIG RED LEADERSHIP PAC",3678246,1668478,45.4,2
"C00341396","MoveOn.org Political Action",3638429.66,632980.63,17.4,24
"C90022633","Campaign for a Family Friendly Economy",3582513.42,894303.42,25,2
"C00695528","America's Future Majority Fund",3570281.18,0,0,1
"C00625533","New American Jobs Fund",3546930.18,0,0,3
"C00692319","Voter Protection Project",3510428.71,1630991.25,46.5,16
"C00630665","Justice Democrats PAC",3505629.24,1046618.45,29.9,5
"C00504530","Congressional Leadership Fund",3422858.3,2992998.47,87.4,17
"C00772152","ELECT PRINCIPLED VETERANS FUND (EPV FUND)",3334317.33,0,0,13
"C90011172","AFSCME WORKING FAMILIES FUND",3329054.99,1669604.11,50.2,30
"C00863084","GOOD FIGHT",3325728,431387.88,13,4
"C00881474","FLORIDA PATRIOTS PAC",3090434.15,2151218.3,69.6,2
"C00832485","SHOW-ME STRONG PAC",3018691.38,3018691.38,100,1
"C00747121","RED SENATE",2921037.86,1934626.69,66.2,20
"C00865725","NEIGHBORS FOR RESULTS",2906348.26,485100.1,16.7,2
"C00738674","Reproductive Freedom For All Freedom Fund",2873866.02,1135606.88,39.5,21
"C00876391","THE IMPACT FUND",2852545.41,54571.24,1.9,6
"C00580068","Progressive Turnout Project",2841593.34,20556,0.7,2
"C00508440","Human Rights Campaign Equality Votes PAC",2771076.43,101139.93,3.6,24
"C00489799","Planned Parenthood Votes",2752632.49,1371110.1,49.8,28
"C00882399","ANTI-PSYCHOPATH PAC INC.",2711792.19,2711792.19,100,1
"C00877787","SAVE OUR COUNTRY",2650000,0,0,4
"C00547349","NextGen Climate Action Committee",2645825.22,0,0,1
"C00523621","United We Can",2642964.37,106751.55,4,9
"C00887141","NY Common Ground",2590502.6,0,0,7
"C00612820","Community Change Voters",2586442.7,101731.09,3.9,13
"C00559906","Americas PAC",2579984.5,2112984.5,81.9,3
"C00854893","NEBRASKA RAILROADERS FOR PUBLIC SAFETY",2472692.56,311453.74,12.6,3
"C00752048","Laborers' International Union of North America Political Fund",2442169.12,630682.66,25.8,2
"C00495861","Priorities USA Action",2331853.09,147613.12,6.3,10
"C00882266","BLUE WAVE ACTION D/B/A BWA",2321272.22,2268731.96,97.7,2
"C00746107","PROGRESSNOW AZ - FEDERAL",2240083.17,1144451.41,51.1,5
"C00840702","Pro-Choice Women",2227995.52,2227995.52,100,6
"C00544551","Heartland Resurgence",2186933.03,2163716.53,98.9,3
"C00779595","RSLC PAC",2118924.52,1200465.88,56.7,4
"C00875856","COMMONWEALTH UNITY FUND",2111275.41,407982.62,19.3,2
"C00883520","TURNOUT FOR AMERICA",2109156.45,1054578.22,50,2
"C90016627","Worker Power",2085299.04,0,0,4
"C90019316","Defending Democracy Together",2066655.92,1209390.38,58.5,2
"C00745745","IN UNION USA",2061874.95,872577.14,42.3,12
"C90021155","National Women's Law Center Action Fund",2004585.93,0,0,5
"C90017997","Black Progressive Action Coalition",1982480,0,0,2
"C00864272","Next Generation Veteran Fund",1967036.5,0,0,1
"C00864363","Pro-Choice Majority 2024",1953916,1723916,88.2,8
"C00835942","DEFEND OHIO VALUES PAC",1947061.8,19670.4,1,2
"C00858381","Independents Moving the Needle",1897240.14,0,0,1
"C00887968","EVANGELICALS FOR AMERICA PAC",1871000,0,0,1
"C00889931","BADGER VALUES",1803417.09,668558.9,37.1,3
"C00634774","COMMON SENSE FOR AMERICA PAC",1801895.62,0,0,9
"C00864348","INTEGRITY LEADERSHIP FUND",1781682.66,1722331.92,96.7,5
"C90022542","CLIMATE EMERGENCY ADVOCATES",1752800.12,0,0,10
"C00885707","Mainstream Colorado Fund",1749931.3,389000,22.2,2
"C00631549","Forward Majority Action",1739615,0,0,1
"C00762666","DEMOCRATIC MAJORITY ACTION (DMA PAC)",1717397.41,0,0,1
"C00826263","Hispanic Leadership Alliance",1713434.72,1267398.84,74,5
"C00685693","CASA In Action PAC",1709225.1,167526.38,9.8,17
"C00857177","GRANITE FOR AMERICA",1666389.71,0,0,1
"C00771477","MAKE AMERICA GREAT AGAIN ACTION INC",1619957.69,1619957.69,100,1
"C00854299","BOLD America",1614289,1292561.13,80.1,8
"C00648808","Veterans For Responsible Leadership",1611469.75,962767.75,59.7,4
"C00794396","SCHOOL FREEDOM FUND",1596941.38,1416772.4,88.7,3
"C00869321","VICTORY PAC",1596435.35,13940,0.9,4
"C00874156","MISSOURI CONSERVATIVES FOR CONGRESS PAC",1567970.97,442844.65,28.2,2
"C00684969","JDCA PAC",1556499.31,181830,11.7,23
"C00865055","Secure NYS PAC",1484640.5,1449640.5,97.6,2
"C90019472","Montana Rural Voters (WORC)",1451931.15,232743.82,16,2
"C00760124","NATIONAL VICTORY ACTION FUND",1427500,0,0,8
"C00624817","EARN INTERNATIONAL UNION OF OPERATING ENGINEERS",1426021.91,0,0,5
"C90022849","OUR COMMUNITY FIRST ACTION INC",1407280.2,0,0,1
"C00573261","End Citizens United",1404523.63,855317,60.9,12
"C00885947","Voters of These 50 States of America",1400000,0,0,1
"C00891135","SAVE WESTERN CULTURE",1381757.09,949768.81,68.7,27
"C00847236","Duty First Nevada PAC",1318618.82,0,0,1
"C00574749","CONSERVATIVES FOR EFFECTIVE GOVERNMENT",1318294.55,47500,3.6,2
"C00734657","Truth And Justice Fund Company",1301955.78,888852.76,68.3,2
"C00817122","GOA VICTORY FUND",1291388.81,0,0,18
"C00552851","HOUSE FREEDOM FUND",1251575.1,0,0,11
"C00608943","CLEARPATH ACTION FUND, INC.",1248128.61,16662.2,1.3,12
"C00770149","Shield PAC",1225000,0,0,7
"C90010620","VoteVets.org Action Fund",1211761.59,46368,3.8,3
"C00634261","DEFEND US PAC",1201000,1201000,100,1
"C00873877","Solidarity Victory PAC",1165353.67,0,0,4
"C00824292","American Leadership PAC",1146458.42,77685,6.8,5
"C00757419","SD PAC",1141500,757000,66.3,5
"C00831552","AMERICA STRONG AND FREE ACTION INC.",1140258.67,0,0,1
"C00879973","Democracy 2025",1133000,0,0,1
"C00891259","ZIONESS PAC",1089807.92,0,0,1
"C00524181","SENATE CONSERVATIVES ACTION",1089277.58,0,0,12
"C00839159","TEAM WEST VIRGINIA",1074488.11,129348.22,12,3
"C00568931","MI Planned Parenthood Votes",1069885.84,342800.42,32,6
"C00493262","MONTANA HUNTERS AND ANGLERS LEADERSHIP FUND",1063619.18,480957.5,45.2,2
"C00012476","UA Union Plumbers & Pipefitters Vote! PAC (United Association of Journeymen and Apprentices of the Plumbing & Pipefitting Industry of the United States and Canada)",1062960,0,0,1
"C00514125","The American Foundations Committee",1059990.64,1059990.64,100,2
"C00750182","OPPORTUNITY MATTERS FUND, INC.",1047773.7,0,0,1
"C00787945","BLUEWAVEAMERICA",1034604.52,53850,5.2,22
"C00808998","democracyFIRST PAC",1031928.44,1031928.44,100,3
"C00874503","SPEAK FREE OR DIE PAC",1028979.89,753192.98,73.2,3
"C00866269","CENTRAL VALLEY VALUES PAC",1027426.51,270350.54,26.3,3
"C00853713","WON'T PAC DOWN",1025000,0,0,1
"C00855213","SOUTH ALABAMA CONSERVATIVES PAC",1008234,1008234,100,1
"C00877191","Common Sense New York",1007751.23,0,0,3
"C00872655","ACLU VOTER EDUCATION FUND",1003478.37,1003478.37,100,1
"C00519363","NATIONAL HORIZON",1000000,1000000,100,1
"C00489815","NEA Advocacy Fund",994564.05,0,0,11
"C90015140","AFT Solidarity",990596.88,456186.63,46.1,10
"C00866368","CONSERVATIVE VOTERS ALLIANCE",986389.87,741319.5,75.2,4
"C00568444","CENTER FORWARD COMMITTEE",973690,0,0,10
"C00832980","ARIZONA'S BOLD ERA PAC (ABE PAC)",971108.48,284111.83,29.3,5
"C00850719","UnitedTech Governance Coalition for National Politics and Legislation",950000,0,0,1
"C00875039","HIGH PLAINS PAC",947440,0,0,1
"C00531624","LOCAL VOICES",946899.02,0,0,1
"C00884817","TEAMSTERS AGAINST TRUMP SUPER PAC",946181.33,275202.52,29.1,2
"C00875526","MAKE DC LISTEN PAC",945915.08,800417.08,84.6,2
"C00689745","MAKE THE ROAD ACTION INDEPENDENT EXPENDITURE COMMITTEE",945766.94,0,0,8
"C00887182","Planned Parenthood Votes North Carolina (FEC)",942418.03,888637.19,94.3,2
"C00878611","Conservatives With Character, Inc.",937447.6,0,0,1
"C90018367","MOMSRISING TOGETHER",933605.98,1000,0.1,14
"C00862094","GREAT OPPORTUNITY PAC, INC.",930000,465000,50,12
"C00852244","POLE POSITION PAC",925812.22,455000,49.1,2
"C90022500","Working New Jersey",912668.18,76050,8.3,5
"C00890087","DEFEND OUR CONSTITUTION PAC",910000,910000,100,1
"C00761064","API PA Votes",905666.38,47001.4,5.2,7
"C00532630","OUR AMERICAN CENTURY",905250,571000,63.1,4
"C00853770","A STRONG INNOVATION ECONOMY REQUIRES STRONG IP PROTECTION",890361.14,0,0,5
"C00343459","American College of Radiology Association PAC",888833.42,0,0,4
"C00868679","AMERICANS FOR CONTRACEPTION VICTORY FUND",887778.54,443889.27,50,4
"C00855924","CONSERVATIVE AMERICANS PAC",882921.09,706336.87,80,2
"C00890053","FUTURE PENNSYLVANIA PAC",874021.79,316666.81,36.2,9
"C00681825","LAW ENFORCEMENT FOR A SAFER AMERICA PAC",869000,349000,40.2,9
"C90021593","Rebuild USA",865721.11,830513.78,95.9,2
"C90017211","PARENTSTOGETHER ACTION",851353.06,0,0,1
"C00785121","AFFORDABLE ENERGY FUND PAC",849999.75,849999.75,100,1
"C00872150","ROCKY MOUNTAIN VALUES PAC",846216.47,846216.47,100,3
"C00000422","AMERICAN MEDICAL ASSOCIATION POLITICAL ACTION COMMITTEE",835000,0,0,2
"C00883207","NATIONAL INTEREST PAC",831894.7,351914.7,42.3,2
"C90019589","ALLIANCE FOR YOUTH ACTION",823217.45,0,0,3
"C00873679","Together for Progress 2024",818984.88,508435,62.1,21
"C90022864","Democratic Majority for Israel",803100,700400,87.2,2
"C00494021","CATHOLICVOTE.ORG CANDIDATE FUND",803000,524100,65.3,2
"C00878520","Moms for Safe Neighborhoods, Inc.",794215.2,794215.2,100,1
"C00647966","RURAL FREEDOM NETWORK",791550.46,0,0,3
"C00173153","American Association of Nurse Anesthetists Separate Segregated Fund (CRNA-PAC)",790000,0,0,5
"C00860148","WEST MICHIGAN FOR CHANGE",788746.59,339297.97,43,3
"C90023011","Keep Florida Clean Inc",787671.8,787671.8,100,1
"C90018300","MID-ATLANTIC LABORERS POLITICAL EDUCATION FUND",768336,0,0,2
"C00872119","VIRGINIANS FOR FREEDOM",761764.67,685889.67,90,2
"C00886093","For Michigan Action Fund",758604.98,0,0,2
"C00825885","PATRIOTS FOR A BRIGHTER AMERICA",757566,72800,9.6,40
"C00693531","FUTURE LEADERS FUND",755197.72,0,0,1
"C90011826","VOCES DE LA FRONTERA ACTION",753795.1,0,0,6
"C00885400","1959 PAC",751075,0,0,1
"C90022120","STAND UP AMERICA INC.",741377.84,179257.68,24.2,3
"C00859660","New Democrat Majority",736302.86,398248.08,54.1,8
"C90022716","Rally NC",722268.75,0,0,2
"C90022575","FAIR FUTURE NC",704234.04,704234.04,100,1
"C90016437","NATIONAL ASSOCIATION OF HOME BUILDERS",700000,0,0,2
"C00523241","SPECIAL OPERATIONS FOR AMERICA",698533,0,0,18
"C90022310","UNITED FOR DEMOCRACY",696939.06,663679.06,95.2,2
"C00756940","Texas Organizing Project PAC",694259.63,0,0,3
"C00833566","Constitutional Conservatives Fund",682936.83,92000,13.5,6
"C00513176","Congressional Progressive Caucus PAC",672896.65,0,0,3
"C00453704","EMGAGE FEDERAL POLITICAL ACTION COMMITTEE",667193.37,427218.25,64,6
"C00738039","Mijente PAC",661159.97,658000,99.5,2
"C00785899","Equality Project PAC",660577.9,0,0,5
"C00804633","RIGHT ARIZONA",656138,328069,50,2
"C00883322","The L & C Coalition",651691,110000,16.9,7
"C00880906","UNITED 2024",649577.69,324788.84,50,2
"C90022229","BRIGHTER FUTURE ALLIANCE",643384.6,639964.4,99.5,2
"C00540898","Tea Party Patriots Citizens Fund",635176.82,0,0,2
"C00620021","Common Defense Action Fund",632428.61,107981,17.1,6
"C00685297","Elect Democratic Women",629931.04,350000,55.6,3
"C00856427","SCREAMING EAGLE PAC INC.",622350,622350,100,1
"C00703082","ARTISTS UNITED FOR CHANGE",621210,621210,100,1
"C00747097","JUST THE TRUTH POLITICAL ACTION COMMITTEE",621000,617875,99.5,2
"C00790089","THE MODERATE PAC, INC.",612074.34,0,0,1
"C00750224","Concerned Americans For America",610002.33,0,0,1
"C00688580","TERM LIMITS ACTION",596941,596941,100,2
"C00684258","UnidosUS Action PAC",596137.62,0,0,5
"C00881482","1889 PAC",590572,295286,50,2
"C00736637","Committee To Protect Health Care PAC",584144.59,294341.66,50.4,2
"C00844530","Rolling Sea Action Fund",575903.45,50000,8.7,8
"C00800995","DEMOCRATIC MESSAGING PROJECT",572575.99,0,0,5
"C90009317","CENTER FOR VOTER INFORMATION (CVI)",572366.16,572366.16,100,1
"C00780841","PRINCIPLED VETERANS FUND (PV FUND)",572011.45,0,0,3
"C00838169","REPUBLICAN LEADERSHIP FUND INC",568725,113745,20,2
"C00879965","DRIVING FORCE ACTION",566300,566300,100,1
"C00890657","OLD LINE PAC",563696.24,0,0,1
"C90022369","American Encore",550000,0,0,1
"C00878041","Health Equity Now",549960,0,0,1
"C00868026","America's First Freedoms, Inc.",541881.5,0,0,1
"C00854869","OVRSITE PAC",536210.1,46210.1,8.6,2
"C00732172","SAVE AMERICA FUND",530142.75,0,0,3
"C00632398","Let America Vote PAC",525994,0,0,7
"C00863472","EDW Action Fund",525000,150000,28.6,2
"C00887851","WE DECIDE",524250,524250,100,7
"C00883561","College Republicans of America",523502.61,0,0,1
"C00826073","PROTECT WEST VIRGINIA VALUES PAC",523450,0,0,1
"C00758011","VOTAR ES PODER PAC",509429.46,72646,14.3,8
"C00737411","The Governing Majority Fund",508872.7,500855.76,98.4,4
"C00887703","STICKER PAC",504176.07,0,0,1
"C00867861","TAKE BACK YOUR LIBERTY",500744.53,0,0,1
"C00699801","VETERANS AID PAC",495264.27,0,0,3
"C00872127","LOWCOUNTRY CONSERVATIVES",495244.11,0,0,1
"C00739565","JERSEY REAL",491598.76,208398.86,42.4,5
"C00878652","MWSA INC.",491326.34,327550.89,66.7,3
"C00876094","Unity First PAC",490000,490000,100,2
"C00868604","Montanans for Public Lands",483694.83,0,0,1
"C00822536","Healthcare for Action PAC",479769,0,0,4
"C00681478","First for America",478000,0,0,1
"C90022484","Alliance for Better Minnesota State PAC",476119.82,0,0,2
"C00701805","AWAKE CAROLINA",474538.41,26937.25,5.7,2
"C00528448","UAW EDUCATION FUND",472073.97,0,0,1
"C00827253","Democratic Power, Inc.",469509.22,440083.04,93.7,4
"C00838268","Virginia Now",468834.5,0,0,1
"C00720649","Reform Leaders PAC",465420,0,0,2
"C00887992","BATTLE BORN PROGRESS - FEDERAL",461571.43,138471.43,30,2
"C00886804","FRECKA PAC",460700,0,0,1
"C00891077","Let's Get It Done PAC",459035.17,459035.17,100,1
"C90022427","Progress North Carolina Action",455975.81,2325,0.5,3
"C00870311","Listen to Us",455256.46,455256.46,100,2
"C00757294","Independent Alaska",453651.28,0,0,1
"C00885137","Speak Up PAC",451452,0,0,1
"C00739771","UNITE TO WIN",447994.81,0,0,1
"C00846428","United for Common Sense",442275.37,22125,5,2
"C00752089","ARIZONA REPUBLICANS WHO BELIEVE IN TREATING OTHERS WITH RESPECT",435176.81,0,0,1
"C00488486","Communications Workers of America - Working Voices",434610.95,1315,0.3,4
"C00787432","ALL FOR OUR COUNTRY",427769.4,213884.7,50,4
"C00754192","Orange County PAC",425511.81,0,0,1
"C00857631","RIGHT TEXAS",421766.05,0,0,1
"C00833228","PROJECT 72 WI PAC",421000,421000,100,1
"C00865923","BUILDING A STRONG AMERICA",419271.78,0,0,6
"C00891275","PROGRESSIVE CENTURY PROJECT",418577,418577,100,2
"C00504522","HUDSON FOR CONGRESS",413923,0,0,1
"C00007922","Laborers' International Union of North America (LIUNA) PAC",413809.77,0,0,1
"C00890392","Building America",413676,0,0,1
"C90018227","ANIMAL WELLNESS ACTION",411405.43,169703.77,41.2,12
"C00733915","Michigan Peoples Choice",411247.69,0,0,4
"C00812495","Fund the Future",410000,0,0,1
"C90022252","60 Plus",405745.04,1298.73,0.3,2
"C90022351","IBEW Educational Fund",399107.54,0,0,2
"C00879379","PENINSULA NEIGHBORS PAC",398874.8,0,0,1
"C00350991","NEW YORK STATE COMMITTEE OF THE WORKING FAMILIES PARTY",394701.69,0,0,2
"C00880070","ARAB AMERICANS FOR A BETTER AMERICA",393500,342250,87,4
"C00875450","CENTER FORWARD INITIATIVE INC",391272.8,0,0,6
"C00754754","Ruralvote.org",387837.24,0,0,3
"C00874115","STOP MAGA PAC",384442.9,311343.59,81,2
"C90019563","National Security Action",383500,0,0,1
"C00855379","America's Promise",382086.25,382086.25,100,1
"C00746628","Future Progress",380000,330000,86.8,2
"C00855809","Patriots Prevail PAC",379164.6,379164.6,100,1
"C00870766","OHIO TRUTH PAC",373365,373365,100,1
"C00884239","WOMEN4US, INC.",373142.64,0,0,1
"C00074450","Republican Party of Wisconsin",372564.16,8644.1,2.3,6
"C00562777","LATINO VICTORY FUND",367256.23,0,0,10
"C00886002","SUNSHINE PAC",358067,0,0,1
"C00025254","Minnesota Democratic-Farmer-Labor Party",355976.66,0,0,4
"C00544767","The Committee To Defeat The President",350497,290200,82.8,2
"C90018177","The Wilderness Society Action Fund",350008.65,0,0,1
"C00889246","ROOSEVELT SOCIETY ACTION",348537.34,76952.76,22.1,2
"C00887778","MOVING MONTANA FORWARD",344633.33,161015,46.7,2
"C00879221","Crush MAGA PAC",340000,340000,100,1
"C00773390","SUPPORT AMERICA'S POLICE PAC",337610.63,0,0,6
"C00760801","THE TURNOUT PROJECT",336525.11,8165.66,2.4,8
"C00885913","GenBlue PAC",333500,0,0,1
"C90022559","1199 SEIU New York State Political Action Fund",332431.75,36088.24,10.9,13
"C00865246","Fighting for Californians",327100.52,0,0,1
"C00763870","CAREER EDUCATION PAC",326918.62,0,0,4
"C00828608","Hardworking Americans Inc.",323688.45,183588.45,56.7,6
"C90022898","Independent Veterans of America",322601.32,0,0,1
"C90018045","United We Dream Action",311402.98,186780.48,60,3
"C00685552","Medicare For All",310009.96,0,0,4
"C90009994","National Wildlife Federation Action Fund",309805,0,0,2
"C00827030","Cedar Key Progress",306800,238900,77.9,2
"C00851410","Protect Liberty PAC",306666,0,0,6
"C00766659","November Coalition",305698.36,0,0,4
"C00540203","Defending Main Street SuperPAC Inc.",305626.5,0,0,2
"C00836916","Team Kennedy",305100.78,0,0,1
"C00890665","MI PODER PAC",305000,0,0,2
"C00752378","Our Future United",302675,0,0,1
"C90022872","In Union USA Action",300995.02,150497.51,50,6
"C00868612","LOUISIANA FAMILIES FIRST PAC",300000,0,0,1
"C00878678","FIGHT FOR FLORIDA PAC",296427.94,0,0,1
"C00891325","OAKLAND CORPS PAC",294516.02,147258.01,50,2
"C00113241","National Apartment Association Political Action Committee",293686,0,0,3
"C00807321","PROJECT DEMOCRACY",292009,153200,52.5,3
"C00874750","GEN-DEMOCRACY",290791.6,0,0,2
"C00739557","Asian American Advocacy Fund PAC",287213.41,0,0,1
"C00704593","Blue Battleground Project",286500,0,0,3
"C00509893","NATIONAL RIGHT TO LIFE VICTORY FUND",286375.62,0,0,57
"C00541433","HUNTER ACTION FUND (HAF)",285207.22,0,0,7
"C00857425","Renewing Our Nation",283275,0,0,1
"C00878686","PALMETTO VALUES",282897.14,270397.14,95.6,2
"C00824334","DEMOCRATIC ELECTION FUND",282660.25,219637.92,77.7,3
"C00692202","Courage to Change",279600,0,0,2
"C00432260","CLUB FOR GROWTH PAC",278568.47,52.17,0,20
"C00753558","Democratic Victory PAC, Inc.",275910.37,131956.54,47.8,4
"C00889279","Shomer",271970.32,0,0,1
"C00570226","SEAL PAC SUPPORTING ELECTING AMERICAN LEADERS PAC",270750,0,0,16
"C00003632","Int'l Union Of Bricklayers And Allied Craftworkers",270067,2010,0.7,2
"C00671685","AUTISM HEAR US NOW PAC",268948.06,0,0,3
"C00848739","Defending America PAC",267879,267879,100,1
"C00744185","Nuestro PAC",266391.31,30000,11.3,4
"C00816868","DEMOCRATIC VOTERS PAC",265935.32,190901.18,71.8,3
"C00678839","Indivisible Action",265518.44,37696.39,14.2,16
"C00878264","CONSERVATIVE FUTURE FUND",263354.26,5000,1.9,3
"C00877233","AMERICAN CONSERVATION COALITION PAC (ACC PAC)",262863.5,0,0,2
"C90021304","LUPE VOTES",258533.67,0,0,3
"C00864512","Dunn's Democracy Defenders",255000,0,0,1
"C00798009","HEALTHCARE FREEDOM SUPER PAC",254536.23,97768.11,38.4,5
"C00803593","Building America's Economy",250000,0,0,1
"C00734400","CYRUS SAJNA FOR CONGRESS COMMITTEE",250000,0,0,1
"C00811786","Democracy Defense Fund",242500,0,0,1
"C00868935","BUCKEYES FOR VALUES",242303.8,0,0,1
"C00625236","American Solidarity Party",239300,0,0,1
"C90013269","NRDC Action Fund Inc.",238000,238000,100,1
"C00825737","Siembra PAC",237996.3,2528.72,1.1,2
"C00884874","Stop Project 2025",233655.59,171000,73.2,3
"C00871988","Voice For New York",233340,0,0,3
"C00587022","COURAGEOUS CONSERVATIVES PAC",228736.51,144820.64,63.3,6
"C00883785","Defeat Boebert PAC",228024.82,228024.82,100,1
"C00674697","Sunrise PAC",227821.61,227821.61,100,1
"C00826776","FRONTIERS OF FREEDOM ACTION, INC.",225830,225830,100,5
"C90022443","MI Poder",224999.98,0,0,2
"C90020116","CHESAPEAKE CLIMATE ACTION NETWORK ACTION FUND",224138.54,0,0,6
"C90021726","OHIO CITIZEN ACTION",223686,0,0,4
"C00762658","Keep America America Action Fund",222525.75,87573.37,39.4,4
"C00523589","AMERICAN UNITY PAC INC",219000,0,0,5
"C00760736","RESIST RECLAIM REBUILD PAC",217000,97000,44.7,2
"C00685982","UNITED VETERANS ALLIANCE OF AMERICA PAC",215767.1,0,0,3
"C90022773","Civic Empowerment Coalition",212830.09,0,0,3
"C90019357","Food & Water Action",206254.66,0,0,7
"C00888909","Western Native Voice Votes",206223.88,125480.94,60.8,2
"C00882233","Democratic Youth Wave",205384.74,0,0,1
"C00815753","J Street Action Fund",204995,204995,100,2
"C00738732","Clean Wave",201283.86,0,0,4
"C00738815","TAKEACTION MN FEDERAL FUND",201013.72,0,0,4
"C00589507","AAPI Victory Fund",200530.57,50250,25.1,5
"C90019662","NILC IMMIGRANT JUSTICE FUND",200000,0,0,1
"C00807412","HELLFIRE PAC",195134.08,120710.2,61.9,2
"C00843110","Leaders We Deserve",194000,0,0,1
"C90022922","Citizens Alliance of Pennsylvania PAC",190000,0,0,1
"C00847673","Stop TRUMP",189954,189954,100,1
"C90023052","POWER Action Fund",189666.67,0,0,2
"C00871012","MAKE MONTANA GREAT",189500,189500,100,1
"C90019720","WOMEN''S MARCH INC",187201.42,138092.25,73.8,2
"C90022534","OHIOANS UNITED FOR PUBLIC EDUCATION",185461.81,185461.81,100,3
"C00715433","CONSTITUTIONAL LEADERSHIP PAC",184250,0,0,3
"C00889188","COMMON SENSE MARYLAND",183025,33025,18,2
"C00802207","ADVANCE LIBERTY PAC",182980.22,28100,15.4,3
"C00882431","EMPOWERING BLACK AMERICANS PAC",182801.09,0,0,1
"C00607374","ELBERT GUILLORY'S AMERICA",182013.13,168797.13,92.7,3
"C00754069","PAF",181992,181992,100,1
"C00797340","BLUE CD2 NEW MEXICO USA",180185.12,0,0,1
"C00010421","Associated Builders and Contractors, Inc. Political Action Committee (ABC PAC)",178800,0,0,7
"C00718593","DEFEND TEXAS FUND",177777.64,100000,56.3,3
"C90023086","WE ACT 4 Change",176008.5,0,0,3
"C00870204","CENTRAL COAST VALUES PAC",174835.64,0,0,1
"C00684530","Planned Parenthood of Minnesota Political Action Fund",174638.49,101898.08,58.3,3
"C00865717","Flip the 40th",171520.71,0,0,1
"C00717728","Free and Fair Democracy PAC",171500,112750,65.7,3
"C90020181","LEADERS IGNITING TRANSFORMATION",170371.98,0,0,2
"C00882019","Mi Familia Decide PAC",170000,0,0,1
"C00818161","GRANITE STATE LEADERSHIP FUND",169972.45,0,0,1
"C00891549","AMERICA FIRST ACTION FUND",167244.54,148544.54,88.8,4
"C00099259","Republican Party of Florida Federal Account",160500,160500,100,1
"C90011800","CatholicVote.org",158903.04,0,0,1
"C00890020","PLANNED PARENTHOOD TEXAS VOTES VICTORY FUND",157714.92,0,0,2
"C00819631","DEMOCRATS UNITED",157455.89,67163.56,42.7,3
"C00874842","VIRGINIA DEMOCRATIC ACTION PAC",157282.72,157282.72,100,1
"C00722025","SEAL PAC USA",155750,0,0,3
"C00659219","AMERICAN JOBS AND GROWTH PAC",155604.25,64488.28,41.4,6
"C00773788","SUPPORT OUR FIREFIGHTERS AND PARAMEDICS PAC",154337.6,0,0,5
"C00755363","Vote for Equality",153755.73,0,0,3
"C00886929","SAFER NM COMMUNITIES",148988.7,98961.8,66.4,4
"C00889873","CALIFORNIA COMEBACK FUND",148322.53,142369.57,96,2
"C00364158","American College of OB-GYNs PAC (OB-GYN PAC)",148083.33,0,0,2
"C00742635","Gun Rights America",143370.32,103874.83,72.5,31
"C90020363","NAKASEC ACTION FUND",141227.28,0,0,3
"C00864215","RIGHT FOR NC",141129.6,0,0,1
"C00876128","Common Sense Common Ground PAC",139446,106623,76.5,2
"C90019910","CAROLINA FEDERATION",138931.55,0,0,1
"C00881607","RIGHT REASON PAC",134918.3,67459.15,50,2
"C00690776","MICHIGAN LIBERATION ACTION FUND",134422.2,0,0,4
"C00891028","AANHPI Rising Tide",133815.92,133815.92,100,1
"C00873638","CHAMPIONS OF FREEDOM PAC",132795.94,49904.64,37.6,2
"C00782508","Change For Arizona 2024 PAC",132405.38,132405.38,100,1
"C90021890","Rise Action Fund",131660.09,0,0,6
"C90017492","Indivisible Project Inc.",131510.88,25135.71,19.1,16
"C00781039","DEMOCRATIC MAJORITY, INC",131437.05,81539.62,62,3
"C90017898","PROTECT OUR WINTERS ACTION FUND",130826.6,11746.59,9,9
"C00830463","American Honor PAC",130591,130591,100,1
"C00162339","OHIO REPUBLICAN PARTY STATE CENTRAL & EXECUTIVE COMMITTEE",130012.36,0,0,2
"C00573733","Security Is Strength PAC",128690.75,0,0,2
"C00834077","NEVER BACK DOWN, INC.",128495.91,76500,59.5,3
"C00674093","Brady PAC",127499.95,57500,45.1,7
"C00838458","UPSHUR COUNTY REPUBLICAN EXECUTIVE COMMITTEE",125669,0,0,1
"C00889584","COMMON SENSE FOR PA",125122,125122,100,1
"C00842443","Progress Rhode Island",125090.08,0,0,1
"C00819508","SAVE AMERICAN FREEDOM",125000,125000,100,1
"C00720029","Everyday People",123730.88,36192.68,29.3,3
"C90022591","IMPACT CT INC.",123148.55,0,0,1
"C00832642","HONEST HOOSIERS PAC",122900,0,0,1
"C00771865","AMERICAN VETERANS SUPPORT GROUP PAC",122573.22,0,0,4
"C00814806","1787 Fund",120291,0,0,1
"C00712885","AMERICAN VETERANS INITIATIVE PAC",120208.26,0,0,2
"C00860411","ASPIRE Communities United",120000,0,0,1
"C00825158","OPPORTUNITY MATTERS FUND ACTION",120000,0,0,2
"C00845974","DUTY SERVICE HONOR",119450.05,33374.65,27.9,3
"C00880682","PIVOT Victory Fund",119200,0,0,2
"C00193441","ILLINOIS AGRICULTURAL ASSOCIATION ACTIVATOR POLITICAL INVOLVEMENT FUND (FED) 'ACTIVATOR'/'ILLINOIS FARM BUREAU ACTIVATOR'",118965.21,0,0,5
"C00778381","Democratic Defense Fund",116500,58250,50,2
"C00809830","YOUR LOWCOUNTRY NEIGHBORS",115000,0,0,1
"C90011891","AMERICAN MAJORITY ACTION INC.",114240.58,0,0,1
"C00774463","Democrats Serve",114068.64,0,0,4
"C00887729","AMERICAN RESOLVE PAC INC.",112487.36,0,0,1
"C00888966","PHYSICIAN VOICES UNITED",112379.2,0,0,2
"C00845776","Citizens to Save Our Republic",112000,112000,100,1
"C00774257","HOOSIER HONOR",111810,0,0,1
"C00540229","Constitutional Rights PAC",110000,110000,100,1
"C00884395","MAKE A DIFFERENCE MN",108991.85,50745.92,46.6,2
"C00820357","JOBS & PROSPERITY PAC",108915.6,0,0,1
"C90021536","ECONOMIC SECURITY PROJECT ACTION INC.",107746,0,0,2
"C00872507","BRIGHTER FUTURE ND",107633,107633,100,1
"C00842740","CA PROGRESSIVE PAC",107000,0,0,1
"C00868083","ARIZONANS FOR CONSERVATIVE LEADERSHIP",106645.27,0,0,1
"C90017955","Service Employees International Union Political Education & Action Fund",106559.59,3782.5,3.5,2
"C00883330","PROTECT AMERICA PAC",106500,106500,100,1
"C00880302","REPRO Rising Virginia PAC",105000,0,0,1
"C00764209","Leadership in Action",103113.25,75000,72.7,2
"C00855171","DARE DEFEND OUR RIGHTS PAC",102750,21750,21.2,2
"C00764233","Defend The Vote",102500,102500,100,1
"C00873398","Lead The Way PAC",101578,101578,100,1
"C90019902","NCAAT IN ACTION",101446.51,0,0,3
"C00891044","2040 PAC, INC.",101324.67,0,0,1
"C00882621","OREGONIANS FOR TRUTH AND ACCOUNTABILITY PAC",100783.6,100783.6,100,1
"C00409730","New Democrat Coalition Action Fund",100390,100390,100,1
"C00823534","Communities United",100000,0,0,1
"C00692467","Four More Years PAC",100000,100000,100,1
"C00854059","One Giant Leap PAC",100000,0,0,2
"C00854448","Utahns for Liberty",100000,100000,100,1
"C00760488","WOMEN'S MARCH WIN",100000,20000,20,2
"C00629477","Ultraviolet PAC",98901.28,0,0,1
"C00006486","INDIANA REPUBLICAN STATE COMMITTEE, INC.",97748.21,4900.46,5,2
"C00574178","Right to Life of Michigan Victory Fund",97665.03,97665.03,100,1
"C00002840","UAW - V - CAP (UAW VOLUNTARY COMMUNITY ACTION PROGRAM)",97642.08,0,0,1
"C00455923","FEDUP POLITICAL ACTION COMMITTEE AKA FEDUP PAC",97276.86,0,0,1
"C00856385","Beehive Values PAC",97170.86,0,0,1
"C00716704","PROTECT AND SERVE PAC",96927.02,48463.5,50,6
"C90020058","RED WINE AND BLUE",96841.23,0,0,1
"C90012071","People For the American Way",96052,4000,4.2,3
"C00880815","GREATER GEORGIA ACTION",93672,79623.8,85,3
"C00758938","POLICE COALITION OF AMERICA PAC",93451.5,0,0,2
"C90022286","All in for Utah",92586.94,0,0,3
"C00868448","CLEAR CHOICE PAC, INC",92259.12,92259.12,100,1
"C90022567","SOMOS THE FUTURE",90020.33,0,0,2
"C00889535","DEFENDING NC PAC",89851,0,0,1
"C90022526","AMERICANS FOR CONSUMER PROTECTION",89561.5,89561.5,100,1
"C00348540","1199 SEIU United Healthcare Workers East Federal Political Action Fund",88874.58,0,0,4
"C00690867","Left of Center PAC",87985,87985,100,1
"C90016106","AFL-CIO COMMITTEE ON POLITICAL EDUCATION TREASURY FUND",87822.65,0,0,1
"C00850081","JERSEY DESERVES BETTER PAC",87469.75,43734.88,50,2
"C00710178","HONORING AMERICAN LAW ENFORCEMENT PAC",86000,12000,14,4
"C00832493","Youth Save Democracy PAC",86000,26000,30.2,2
"C00754242","They See Blue",85936.42,0,0,26
"C00831248","UNLEASH AMERICA PAC",85755.48,0,0,1
"C00868976","Hold the Line PAC",85500,85500,100,1
"C00852996","BETTER AMERICA UNDER CONSERVATIVES PAC, INC.",82050,82050,100,1
"C00877753","AMERICAN FREEDOM PAC (AFPAC)",81767.1,81767.1,100,1
"C90014101","Immigrants' List Civic Action, Inc.",81635,81635,100,1
"C00850487","Conservative Leaders of America",81500,0,0,1
"C00787671","FIREFIGHTERS COALITION OF AMERICA PAC",81316.35,0,0,3
"C00845693","COMMITTEE FOR A BETTER RHODE ISLAND",81000,81000,100,1
"C90022740","March For Our Lives Action Fund",80554.38,0,0,2
"C00826412","COLORADO UNITED PAC",80000,80000,100,1
"C00748228","March On PAC",80000,40000,50,4
"C00883405","AD ASTRA PAC",79659.4,0,0,1
"C90022617","California Conference of Carpenters",78550,0,0,1
"C00860106","Southern Ohio Conservatives PAC",78257.96,4150.75,5.3,4
"C00879312","AZ PROGRESSIVE FUTURE",77994.96,0,0,1
"C00782847","Keeping America Strong PAC",77956.38,0,0,2
"C00824821","UNITED BREAST CANCER SUPPORT PAC",77415.88,0,0,3
"C00876656","A SAFER STRONGER OREGON PAC",77040,77040,100,1
"C00866673","ALABAMA FAMILIES PAC",75818.9,64532.06,85.1,4
"C00829903","Democratic Values PAC",75000,75000,100,1
"C00842575","OPERATION SAVING DEMOCRACY",75000,0,0,1
"C00872838","PRINCIPLED LEADERS PAC",75000,75000,100,1
"C00858100","PRO PAC",75000,0,0,2
"C00880518","BITCOIN VOTER PAC",74939.04,0,0,3
"C00855577","DEFEND ALABAMA",74379.08,0,0,1
"C00872457","RESTORING STANDARDS PAC",74330.15,74330.15,100,1
"C00865352","New Leaders 2024",73418.5,0,0,16
"C00872879","Stand Up PAC",72740,72740,100,1
"C00889287","COLUMBIA NEIGHBORS PAC",72279.08,72279.08,100,1
"C00877886","1000 Women Strong PAC",72000,0,0,1
"C00082925","Nevada Republican Central Committee",71777.02,0,0,1
"C00001636","SMART TD PAC",70000,0,0,1
"C00821611","Asian Americans For Change Fund",69890.98,0,0,3
"C00742205","SURJ PAC",69529.69,0,0,2
"C00887208","FTW PAC",69283.33,69283.33,100,1
"C00625566","VALOR AMERICA",69000,69000,100,3
"C00826743","COLORADO DAWN",68750,68750,100,1
"C00866731","Growth Democrats",68654.92,19410.92,28.3,2
"C00809467","AMERICAN POLICE AND TROOPERS COALITION PAC",67748,0,0,3
"C00662072","DRAIN THE DC SWAMP PAC",67600.37,67600.37,100,1
"C00870717","COMMON SENSE ALABAMA",67001.35,0,0,1
"C90022757","WORKING FOR AMERICA POLICY INC.",66506.7,0,0,2
"C00891895","FORWARD 24",65885.91,65885.91,100,2
"C00853119","VICTORY INCLUDES ACCOUNTABILITY BELIEVABILITY LEADERSHIP AND ELECTABILITY PAC (VIABLE PAC)",65000,58500,90,2
"C90022054","Casey Family Farms",64106.7,0,0,1
"C00839407","Get Out The Vote PAC",63133.66,0,0,6
"C90022765","Engage Miami",62466.34,0,0,2
"C90013582","INTERNATIONAL UNION OF PAINTERS & ALLIED TRADES LEGISLATIVE EDUCATIONAL COMMITTEE",62423.83,0,0,2
"C99002396","AMERICAN POLITICAL ACTION COMMITTEE",60000,0,0,1
"C00885640","NEW HAMPSHIRE 1ST",60000,0,0,1
"C00299396","ITALIAN AMERICAN DEMOCRATIC LEADERSHIP COUNCIL",59150,0,0,6
"C00849877","UNIFY COLORADO",58000,0,0,1
"C00772848","No Vote Left Behind PAC",57282.25,38471.16,67.2,3
"C90021643","PA STANDS UP POWER",57146.46,0,0,1
"C00856807","TEXAS DEMOCRATIC ALLIANCE POLITICAL ACTION COMMITTEE",56384.74,0,0,2
"C00878215","KANSAS CONSERVATIVE FUND",56183.71,56183.71,100,1
"C00886747","Restoring Liberty PAC",56042.12,31924.91,57,2
"C00824607","TOMORROW'S JOBS",55076.92,0,0,2
"C00821348","Progressive Victory PAC",55073.89,0,0,1
"C90022112","THE ACT NOW PROJECT (DBA THE CENTER FOR U.S. VOTERS ABROAD)",54663.83,36845.17,67.4,2
"C00556274","USW Works",53583.18,0,0,4
"C00740126","UNITEDemocrats PAC",52880.53,0,0,1
"C00843714","Fight Like A Flynn",52500,50000,95.2,2
"C00720540","Stand America PAC",51764.97,0,0,1
"C00865238","FED UP TAXPAYERS AGAINST WOKENESS",51656.37,32418.88,62.8,2
"C90023268","VoterBridge",51423.94,0,0,1
"C00807958","PATRIOTS PAC LLC",51416.84,0,0,1
"C00879072","OKLAHOMA VICTORY COMMITTEE",51050,50000,97.9,2
"C00130658","CPAC ACTION PAC",50812.39,0,0,1
"C90019407","FIGHT CORPORATE MONOPOLIES",50470,32345,64.1,2
"C00710160","AMERICAN ALLIANCE FOR DISABLED CHILDREN PAC",50000,0,0,1
"C00728360","Movement Voter PAC",50000,0,0,1
"C00891887","RED STATE NEBRASKA",50000,25000,50,2
"C00679316","Committee To Build The Economy",49304,0,0,3
"C00864173","Virginians for Conservative Leaders",48253.77,48253.77,100,1
"C00631903","PA Values",48000,48000,100,1
"C00752576","Our Voice Our Vote Arizona PAC",47997.76,0,0,1
"C00521013","Florida Freedom PAC",47024.41,47024.41,100,1
"C00528901","HOMETOWN FREEDOM ACTION NETWORK",45961.64,40815.25,88.8,3
"C00731133","Make Liberty Win",44887,0,0,1
"C00797332","TEXANS FOR FREEDOM",44388.44,44388.44,100,1
"C90017989","CARE ACTION",44200,0,0,2
"C00874404","AMERICAN DEMOCRACY LAB",44149.57,27221.67,61.7,2
"C00756056","Protect The Vote",44000,0,0,12
"C00886317","ASIANS MAKING AMERICA GREAT AGAIN",43253.29,0,0,1
"C00891234","Claiming Our Voices",43184.45,11754.32,27.2,2
"C00774323","POLICE AND TROOPER SUPPORT PAC",42776.43,0,0,2
"C90023037","Population Connection Action Fund",42462.68,0,0,7
"C00827063","BeHeard PAC",42304.4,42304.4,100,1
"C00624890","THE PEOPLE'S CAMPAIGN",41260.63,41260.63,100,1
"C00826800","PROFESSIONAL FIREFIGHTERS FOR ARIZONA",41030.5,0,0,3
"C00754218","Texas Alliance for Life Fed PAC",40950,40950,100,2
"C00879080","Citizens Against AIPAC Corruption",40676.37,40676.37,100,1
"C00882779","NORTH STAR VALUES",40265.6,5247.46,13,2
"C00872226","BUCKEYE PATRIOT ALLIANCE",40000,35000,87.5,2
"C00889196","SAVE CENTRAL NEW YORK PAC",40000,20000,50,2
"C00872200","VIRGINIA PATRIOTS FOR FREEDOM",40000,10000,25,2
"C00883660","CATHOLICS FOR THE FUTURE, INC.",39871.87,0,0,1
"C00023580","National Association of Letter Carriers of U.S.A. Political Fund (Letter Carrier Political Fund)",39327.73,0,0,1
"C90021619","Ruralorganizing.org Inc.",39095.13,0,0,1
"C00827626","Protecting Our Demoncracy",39000,0,0,1
"C00779314","THE FREEDOM FORWARD FUND",38853.58,27039.34,69.6,2
"C00874941","HOOSIER CONSERVATIVE ACTION PAC",38799.98,0,0,1
"C90012956","Patriot Majority USA",38500,19250,50,2
"C00847574","TO FORM A MORE PERFECT UNION",38000,19000,50,2
"C00844548","Citizens for Virginia",37500,0,0,1
"C90021668","Black Ohio Leaders for Democracy",37491.1,0,0,2
"C00758003","Rural GroundGame",37370.83,0,0,6
"C00860312","AMERICA FIRST NORTH CAROLINA",37276.53,0,0,2
"C00814202","NEW SOUTHERN MAJORITY IE PAC",37266.24,0,0,1
"C00786517","NORTHWEST OHIO FREEDOM FUND PAC",36755.46,34755.46,94.6,2
"C90022641","Southeast Asian Action",36333,0,0,1
"C00835066","Rural USA PAC",36255.4,36255.4,100,1
"C00882944","Pass The Torch",36085,36085,100,1
"C90022807","Renaissance Action Fund",35820,11243,31.4,3
"C00874784","RISE UNITED",35450.88,17725.44,50,2
"C00709691","New Journey PAC, Inc.",35045,0,0,1
"C00875609","Cavalry PAC",35000,0,0,1
"C00637041","Fund for a Working Congress",35000,35000,100,1
"C90022815","Texas for All",34842.66,0,0,2
"C90015322","UNIDOSUS ACTION FUND",34074.51,19712,57.8,2
"C00863456","VIRGINIANS UNITED FOR PROGRESS",34000,0,0,1
"C90018391","The Family Foundation Action",33892.12,31000,91.5,2
"C00871327","VOTE UNCOMMITTED MN",33823.94,33823.94,100,1
"C00815381","LIMITGOV PAC",33692.44,9174.61,27.2,2
"C00824714","PEOPLE WHO LOVE AMERICA",33500,0,0,1
"C00887901","Make America Healthy Again (MAHA) PAC",32847.6,0,0,1
"C00836783","REAL LEADERSHIP FOR COLORADO",32467.72,32467.72,100,1
"C00889907","ELEVEN5",32162.25,17299.67,53.8,2
"C00867945","PROGRESSIVE SOURCE PAC",31775.34,31775.34,100,1
"C00607556","The Great Task",31365.65,31365.65,100,1
"C90022799","All In Action Fund",31248.66,0,0,1
"C00816843","VOLUNTEERS FOR FREEDOM PAC",30200,15100,50,2
"C00623421","AMERICAN LIBERTY FUND",30000,0,0,1
"C00327189","VALUE IN ELECTING WOMEN POLITICAL ACTION COMMITTEE",30000,0,0,1
"C00728386","DEFEATING COMMUNISM PAC",29416.21,0,0,2
"C90020033","FAITHFUL AMERICA",29028.82,29028.82,100,1
"C00003590","United Steelworkers Political Action Fund",28688.96,0,0,19
"C00891382","MOTHERING JUSTICE PAC",28380,0,0,1
"C00833103","VOTERS OF TOMORROW PAC",28000,0,0,1
"C00877027","The Seneca Project Inc",27825,11412.5,41,3
"C00875625","WIN FOR DEMOCRACY PAC",27655,0,0,1
"C00559740","GOPAC Election Fund",27475,0,0,1
"C00476978","LGBTQ Victory Fund Federal PAC",27140,0,0,1
"C00736140","HOLD THE LINE PAC",26800,5300,19.8,2
"C00869305","UNITE HERE Local 11 PAC Federal",26601.75,15981,60.1,4
"C00403741","UA PROGRESSIVE ACTION",25451.44,0,0,1
"C00893198","CONSERVATIVE FIGHTER PAC",25278.89,0,0,1
"C00509463","PROTECTING OUR VOTE PAC",24524.5,0,0,1
"C00879189","PROTECT OUR CHILDREN PAC",24000,24000,100,1
"C00594507","Middle Class Values PAC",23988.24,0,0,1
"C00887042","WORKERS EN ACCION PAC",23914.59,0,0,1
"C00483693","Sierra Club Independent Action",23674.89,0,0,1
"C00756791","VOTEBLUE",23397.83,0,0,2
"C00613489","Missouri Farm Bureau Federation Federal PAC",23144,0,0,2
"C00866640","RESOLUTE COURAGE PAC",23076,0,0,1
"C00802389","GiveGreen United Action",22873.7,160,0.7,2
"C00836395","Actions Speak Louder than Tweets PAC",22800,22800,100,1
"C00638528","LOUISIANA LEGACY PAC",22390,0,0,1
"C00829424","TEAMSTERS 769 POLITICAL COMMITTEE FUND",22081.08,0,0,1
"C00870642","AMERICA FIRST PRIORITIES PAC",21910,21910,100,1
"C00454942","WILLIAMSON COUNTY REPUBLICAN PARTY FEDERAL PAC",21825.61,0,0,1
"C00563254","DEMOCRATIC JEWISH OUTREACH PA",21802,0,0,2
"C00877936","BLUE HORIZON ACTION",21378,0,0,1
"C00785568","SECURE ARIZONA'S FUTURE",21270,0,0,1
"C90019969","Garden State Forward",21058.44,0,0,1
"C00668517","Black Americans to Re-elect the President",20600,3032,14.7,2
"C00161786","FEDERAL: Colorado Democratic Party",20500,10000,48.8,3
"C90016973","Greenpeace, Inc.",20419.86,10896.48,53.4,11
"C00823468","America Upheld",20000,0,0,1
"C90022237","Blue Horizon",20000,0,0,1
"C00567396","Change Campaign Super PAC",20000,0,0,1
"C00836031","GREEN BERET POLITICAL ACTION COMMITTEE",20000,0,0,1
"C90022245","Reproductive Freedom for All",20000,20000,100,1
"C00772244","Upset the Setup",20000,5000,25,2
"C00872275","SOUTHERN ILLINOIS WORKING FAMILIES PAC",19640.38,19640.38,100,1
"C00874529","AMERICANS FOR PARENTAL RIGHTS",19000,19000,100,1
"C00879676","AMERICAN FREEDOM COALITION PAC",18500,0,0,1
"C90022880","Poderosx",18071.67,18071.67,100,1
"C00611202","FREEDOM FOR ALL PAC",18068.96,0,0,5
"C90022138","Better Leaders Stronger Future Inc.",18063.7,0,0,2
"C00379479","The Hawkeye PAC",17608.35,0,0,1
"C00871566","Moving Michigan Forward",17500,0,0,1
"C00813006","BETTER ACCESS TO CHIROPRACTIC PAC (CHIROPRACTIC FUTURE, LLC)",16500,0,0,1
"C90021866","New Rural Project",15570.69,0,0,1
"C00695981","House Conservatives PAC",15000,0,0,3
"C00866418","IMPACT 65",15000,0,0,1
"C00885145","INSPIRE COLORADO",14950,0,0,1
"C00821942","Pink is the new BLUE!",14930,0,0,1
"C00752154","WNY Democratic Unity Fund",14327,0,0,1
"C00654608","SPIRIT OF 1776",14319.97,0,0,1
"C00886846","POINT OF FRICTION",14049.33,14049.33,100,1
"C00886242","MUST WIN. CAN WIN.",14000,14000,100,1
"C00454751","5TH CONGRESSIONAL DISTRICT OF VIRGINIA REPUBLICAN COMMITTEE",13999.69,0,0,1
"C00880849","VIRGINIANS AGAINST SEXUAL ASSAULT PAC",13673.4,13673.4,100,1
"C00888792","PATRIOT LEADERSHIP FUND",13631.49,0,0,1
"C00853887","Energized For Change Federal PAC",13612,0,0,1
"C00880559","WORKING CLASS ACTION FUND",13400,13400,100,1
"C00525824","PEACE THROUGH STRENGTH PAC",13357.78,0,0,3
"C90020041","EQUALITY FLORIDA ACTION INC.",13130.32,0,0,1
"C90020322","OHIO WOMENS ALLIANCE ACTION FUND",12489.72,0,0,2
"C00854810","MARGIN OF VICTORY EMPOWERMENT FUND",12300,0,0,1
"C00888768","THE FIGHT FOR MICHIGAN 1 PAC",12000,0,0,1
"C90021841","Financial Services Stakeholder Action NFP d.b.a. Private Equity Stakeholder Action",11479,0,0,1
"C00856559","CONSERVATIVES FOR ACTION PAC",11183.78,4121.53,36.9,2
"C00799502","Daughters Defend Democracy PAC",11094.12,0,0,1
"C90011974","Citizen Action of Wisconsin",10994.36,0,0,3
"C90022831","Mia Bonta for Assembly 2024",10900,0,0,2
"C00346239","Arab American Political Action Committee",10750.3,8074.36,75.1,6
"C00864017","NEVADA FIRST",10750,0,0,1
"C00884023","AAPI Forward",10564.63,0,0,1
"C00212787","Democratic Party Of Hawaii",10084.5,0,0,3
"C00839977","HISPANIC LEADERSHIP PAC",10000.84,0,0,1
"C00832550","Action Nevada PAC",10000,0,0,1
"C90016577","MAKE THE ROAD ACTION INC.",10000,0,0,1
"C00743682","STRAIGHT TALK POLITICS PAC",10000,10000,100,1
"C00332296","Susan B. Anthony List. Inc. Candidate Fund (DBA Susan B. Anthony Pro-Life America Candidate Fund)",10000,5000,50,2
"C00792028","WAKE UP NEW YORK",10000,0,0,1
"C00832626","WOMEN FOR AMERICA'S FREEDOM",10000,0,0,2
"C00878728","Democracy Wins",9904.8,9904.8,100,1
"C00772194","DEFEND THE AMERICAN DREAM PAC",9598.55,0,0,1
"C00520122","PRO-LIFE PAC",9528.34,0,0,1
"C00628115","Missouri Right to Life Victory Fund",9392,0,0,1
"C00717710","Just Good Government PAC",9162.73,0,0,1
"C00866517","Go America PAC",9000,0,0,1
"C00882936","MAKING MISSOURI BETTER",9000,0,0,1
"C00570416","GATORPAC",8900,0,0,2
"C90022583","BillMari Inc",8801.96,0,0,1
"C00879601","TEXANS FIGHTING CORRUPTION FEDERAL PAC",8685.6,6949.44,80,2
"C00260331","NEW JERSEY RIGHT TO  LIFE COMMITTEE FEDERAL PAC",8351.8,0,0,5
"C00300921","",8234.85,0,0,1
"C00760132","NYIC Political Action Fund",8133,3970.5,48.8,9
"C00162818","International Brotherhood of Electrical Workers Local 98 Committee on Political Education",8122.35,0,0,2
"C00488494","NEW PROSPERITY FOUNDATION; THE",8000,8000,100,1
"C00654764","American Values First",7858.48,0,0,3
"C90022146","Seattle DSA",7832.99,7832.99,100,1
"C00816173","TENNESSEE IMMIGRANT AND REFUGEE RIGHTS COALITION VOTES ACTION PAC",7753,0,0,2
"C00797084","Guardian Super PAC",7600,0,0,1
"C00748582","REALLY AMERICAN PAC",7500,7500,100,1
"C00739755","WATERFOWL PAC - FEDERAL",7350,7350,100,1
"C00300731","Los Angeles County Democratic Central Committee",7312.5,0,0,1
"C00799916","PROGRESSIVE VOICES ACTION FUND",7000,0,0,1
"C00863704","Defeat Bad Leaders",6845,6845,100,1
"C00817668","Conservative Candidate Caucus",6500,0,0,1
"C00696112","PROTECT AMERICAN VALUES PAC",6500,0,0,2
"C90022294","Wake Up Enterprises Inc",6440,2990,46.4,5
"C90020660","NC Latino Power",6192.01,0,0,1
"C00742130","LATINO VOTE FOR AMERICA PAC",6000,6000,100,1
"C90021932","Amistad Movement Power",5863.79,0,0,1
"C00866780","PA UNITED FEDERAL ACTION COMMITTEE",5800,0,0,2
"C00809970","HISPANIC LEADERSHIP TRUST",5336.83,0,0,6
"C00799528","PROTECT OUR KIDS PAC",5000,5000,100,1
"C00858852","NRRC",4674.57,4674.57,100,1
"C00856435","The Future - Today & Tomorrow",4500,0,0,1
"C00018929","North Dakota Republican Party",3689.3,0,0,3
"C00536540","Jobs, Freedom, and Security PAC",3552.18,0,0,1
"C00873539","Gen Z Take Over",3500,0,0,1
"C90018771","FORFACT LLC",3453.5,2031.69,58.8,2
"C90023094","International Brotherhood of 42 Joint Council",3020.85,0,0,1
"C90022914","Straight Ahead Organization",3004.55,1879.55,62.6,2
"C90015256","American Family Voices",3000,0,0,1
"C00864421","MINNESOTA DEMOCRATIC ACTION PAC",3000,0,0,1
"C00875674","LV REPUBLICAN LEADERSHIP FUND",2819.09,2819.09,100,1
"C90023003","Herr",2614.14,0,0,1
"C90023045","Antelope Valley Democrats for Change",2546.17,0,0,1
"C00001016","CARPENTERS LEGISLATIVE IMPROVEMENT COMMITTEE UNITED BROTHERHOOD OF CARPENTERS AND JOINERS",2519.11,0,0,1
"C00509521","Democratic Asian Americans of Virginia",2500,0,0,5
"C90020124","Free the Ballot! Incarcerated Voter Family Network",2250,0,0,1
"C00743377","LV Strong",2250,0,0,1
"C00002089","Communications Workers of America - COPE Political Contributions Committee",2249.75,0,0,1
"C00837443","AMERICAN PACT",2223,0,0,2
"C90022948","U.S. Veterans for Ukraine Inc.",2070,2070,100,1
"C00828921","Cut Cruz PAC",2000,2000,100,1
"C00734616","RED WHITE AND DEFINITELY BLUE",2000,0,0,1
"C00826024","PIVOT Victory Fund",1850.73,0,0,4
"C00282459","LIGNITE ENERGY COUNCIL PAC (LIGNITE PAC)",1819,0,0,1
"C00235853","Human Rights Campaign PAC",1520.68,760.34,50,2
"C00687327","AMERICAN FREEDOM AND OPPORTUNITY PAC",1500,0,0,1
"C00458000","Progressive Change Campaign Committee",1500,1500,100,1
"C00891457","Friends of CD3",1455.37,0,0,1
"C00775601","PRESSURE PAC",1413.92,0,0,1
"C00747998","Care in Action PAC",1400,0,0,1
"C90021452","We Vote We Win",1257,0,0,1
"C00684332","LIUNA MINNESOTA & NORTH DAKOTA",1246.35,0,0,1
"C90023029","La Fuerza NC",1190.91,0,0,1
"C00692129","Tea Party PAC",1182.59,0,0,1
"C00872705","D2 PAC",1171.55,0,0,1
"C90021692","350 WISCONSIN ACTION",1133.74,0,0,1
"C00487827","BLUE AMERICA PAC INDEPENDENT EXPENDITURE COMMITTEE",1050,0,0,1
"C00516500","POWERPACPLUS",1036.99,0,0,2
"C00690263","Hold Them Accountable",1000,1000,100,1
"C90021791","New North Carolina Project",981.14,0,0,3
"C00878710","LET FREEDOM RING PAC",913,0,0,1
"C00890640","COUNTERPOINT USA",504,504,100,1
"C00881896","NATHAN E BILLIPS",250,250,100,1
"C00481200","National Association For Gun Rights Inc PAC",8,0,0,1
"C00880138","TYLER LEE SCAFIDI''S PRESIDENTIAL POLITICAL ACTION COMMITTEE (PAC) FOR EQUITABLE AMERICAN LAW, ORDER, AND JUSTICE",1,0,0,1
"C00884098","JEANNICA LANE",0,0,NA,1
