"rank","cum_land","cum_votes","cum_counties","winner"
1,0.0493,0.0001,0.0322,"R"
2,0.1705,0.0004,0.0643,"R"
3,0.1932,0.0005,0.0965,"R"
4,0.224,0.0006,0.1287,"R"
5,0.3822,0.0011,0.1608,"R"
6,0.462,0.0013,0.193,"R"
7,0.5216,0.0016,0.2252,"R"
8,0.5776,0.0018,0.2573,"R"
9,0.6495,0.0021,0.2895,"R"
10,0.7785,0.0026,0.3216,"R"
11,0.9331,0.0032,0.3538,"R"
12,1.2929,0.0048,0.386,"R"
13,1.4342,0.0055,0.4181,"R"
14,1.5472,0.0061,0.4503,"R"
15,1.6375,0.0066,0.4825,"R"
16,1.6787,0.0068,0.5146,"R"
17,1.7077,0.007,0.5468,"R"
18,1.7777,0.0075,0.579,"R"
19,1.8892,0.0082,0.6111,"R"
20,2.1235,0.0097,0.6433,"R"
21,2.2021,0.0103,0.6755,"R"
22,2.4063,0.0118,0.7076,"R"
23,2.4727,0.0123,0.7398,"R"
24,2.5314,0.0127,0.772,"R"
25,2.5556,0.0129,0.8041,"R"
26,2.645,0.0136,0.8363,"R"
27,2.6691,0.0138,0.8684,"R"
28,3.0119,0.0165,0.9006,"R"
29,3.1858,0.0179,0.9328,"R"
30,3.3152,0.019,0.9649,"R"
31,3.3538,0.0193,0.9971,"R"
32,3.3842,0.0196,1.0293,"R"
33,3.4239,0.0199,1.0614,"R"
34,3.457,0.0202,1.0936,"R"
35,3.5405,0.0209,1.1258,"R"
36,3.6294,0.0217,1.1579,"R"
37,3.6556,0.022,1.1901,"R"
38,3.7273,0.0226,1.2223,"R"
39,4.028,0.0254,1.2544,"R"
40,4.1089,0.0262,1.2866,"R"
41,4.1687,0.0268,1.3188,"R"
42,4.2267,0.0273,1.3509,"R"
43,4.4135,0.0291,1.3831,"R"
44,4.444,0.0293,1.4152,"R"
45,4.7193,0.032,1.4474,"R"
46,4.7739,0.0325,1.4796,"R"
47,4.8689,0.0335,1.5117,"R"
48,4.931,0.0341,1.5439,"R"
49,5.0076,0.0348,1.5761,"R"
50,5.2092,0.0369,1.6082,"R"
51,5.2345,0.0371,1.6404,"R"
52,5.3649,0.0384,1.6726,"D"
53,5.5314,0.0401,1.7047,"R"
54,5.5692,0.0405,1.7369,"R"
55,5.7445,0.0423,1.7691,"R"
56,5.8608,0.0435,1.8012,"R"
57,5.9579,0.0446,1.8334,"R"
58,6.0021,0.045,1.8656,"R"
59,6.0262,0.0453,1.8977,"R"
60,6.0651,0.0457,1.9299,"R"
61,6.0979,0.0461,1.962,"R"
62,6.1581,0.0468,1.9942,"R"
63,6.1825,0.047,2.0264,"R"
64,6.2455,0.0478,2.0585,"R"
65,6.3724,0.0493,2.0907,"R"
66,6.4025,0.0496,2.1229,"R"
67,6.4638,0.0503,2.155,"R"
68,6.495,0.0507,2.1872,"R"
69,6.5975,0.052,2.2194,"D"
70,6.857,0.0552,2.2515,"R"
71,6.9077,0.0558,2.2837,"R"
72,6.9834,0.0568,2.3159,"R"
73,7.0197,0.0572,2.348,"R"
74,7.0774,0.058,2.3802,"R"
75,7.1257,0.0586,2.4124,"R"
76,7.1592,0.059,2.4445,"R"
77,7.2424,0.0601,2.4767,"R"
78,7.2908,0.0607,2.5088,"R"
79,7.322,0.0611,2.541,"R"
80,7.4651,0.063,2.5732,"R"
81,7.4892,0.0634,2.6053,"R"
82,7.5524,0.0642,2.6375,"R"
83,7.5786,0.0646,2.6697,"R"
84,7.748,0.0669,2.7018,"R"
85,7.8824,0.0688,2.734,"R"
86,7.9129,0.0692,2.7662,"R"
87,8.1221,0.0722,2.7983,"R"
88,8.1526,0.0726,2.8305,"R"
89,8.2007,0.0733,2.8627,"R"
90,8.227,0.0737,2.8948,"R"
91,8.2461,0.074,2.927,"R"
92,8.2654,0.0743,2.9592,"R"
93,8.2983,0.0748,2.9913,"R"
94,8.3221,0.0751,3.0235,"R"
95,8.4085,0.0764,3.0556,"R"
96,8.4647,0.0773,3.0878,"R"
97,8.4957,0.0778,3.12,"R"
98,8.5192,0.0781,3.1521,"R"
99,8.5484,0.0786,3.1843,"R"
100,8.8156,0.0827,3.2165,"R"
101,9.0802,0.0868,3.2486,"R"
102,9.1581,0.088,3.2808,"D"
103,9.1979,0.0886,3.313,"R"
104,9.3646,0.0912,3.3451,"R"
105,9.3983,0.0917,3.3773,"R"
106,9.4292,0.0922,3.4095,"R"
107,9.7554,0.0974,3.4416,"R"
108,9.7858,0.0979,3.4738,"R"
109,9.8199,0.0984,3.506,"R"
110,9.8555,0.099,3.5381,"R"
111,9.8749,0.0993,3.5703,"R"
112,9.9193,0.1001,3.6024,"R"
113,9.9489,0.1005,3.6346,"R"
114,10.2939,0.1063,3.6668,"R"
115,10.3309,0.1069,3.6989,"D"
116,10.5,0.1097,3.7311,"R"
117,10.5556,0.1107,3.7633,"R"
118,10.5896,0.1112,3.7954,"R"
119,10.7508,0.114,3.8276,"R"
120,10.7909,0.1147,3.8598,"R"
121,10.8457,0.1157,3.8919,"R"
122,10.8865,0.1164,3.9241,"R"
123,11.116,0.1205,3.9563,"R"
124,11.1587,0.1213,3.9884,"R"
125,11.1899,0.1219,4.0206,"R"
126,11.2272,0.1226,4.0528,"R"
127,11.3804,0.1254,4.0849,"R"
128,11.4313,0.1263,4.1171,"R"
129,11.4543,0.1268,4.1492,"R"
130,11.5035,0.1277,4.1814,"R"
131,11.5194,0.128,4.2136,"D"
132,11.5533,0.1286,4.2457,"R"
133,11.5783,0.1291,4.2779,"D"
134,11.6655,0.1308,4.3101,"R"
135,11.6964,0.1314,4.3422,"R"
136,11.8299,0.1339,4.3744,"R"
137,11.9953,0.1371,4.4066,"R"
138,12.0264,0.1377,4.4387,"R"
139,12.1089,0.1394,4.4709,"R"
140,12.2965,0.1431,4.5031,"R"
141,12.3422,0.144,4.5352,"R"
142,12.3751,0.1446,4.5674,"R"
143,12.4087,0.1453,4.5995,"R"
144,12.5159,0.1475,4.6317,"D"
145,12.5619,0.1484,4.6639,"R"
146,12.6267,0.1497,4.696,"R"
147,12.7811,0.1528,4.7282,"R"
148,12.8231,0.1537,4.7604,"R"
149,13.1576,0.1606,4.7925,"R"
150,13.1923,0.1613,4.8247,"R"
151,13.4172,0.1659,4.8569,"R"
152,13.4439,0.1665,4.889,"R"
153,13.5006,0.1677,4.9212,"R"
154,13.5311,0.1684,4.9534,"R"
155,13.6163,0.1702,4.9855,"R"
156,13.6842,0.1717,5.0177,"R"
157,13.8194,0.1746,5.0499,"R"
158,13.9703,0.1778,5.082,"R"
159,13.9994,0.1785,5.1142,"R"
160,14.0379,0.1793,5.1463,"R"
161,14.0711,0.18,5.1785,"R"
162,14.1801,0.1824,5.2107,"R"
163,14.2049,0.183,5.2428,"R"
164,14.2432,0.1838,5.275,"R"
165,14.53,0.1902,5.3072,"R"
166,14.5562,0.1907,5.3393,"R"
167,14.5868,0.1914,5.3715,"R"
168,14.611,0.192,5.4037,"R"
169,14.7516,0.1951,5.4358,"R"
170,14.813,0.1965,5.468,"R"
171,14.8373,0.1971,5.5002,"R"
172,14.8861,0.1982,5.5323,"R"
173,14.9196,0.199,5.5645,"R"
174,14.9528,0.1998,5.5967,"R"
175,15.0014,0.2009,5.6288,"R"
176,15.0322,0.2016,5.661,"R"
177,15.0906,0.203,5.6931,"R"
178,15.178,0.2051,5.7253,"R"
179,15.2144,0.206,5.7575,"R"
180,15.2771,0.2075,5.7896,"R"
181,15.3028,0.2082,5.8218,"R"
182,15.3538,0.2094,5.854,"R"
183,15.4511,0.2118,5.8861,"R"
184,15.5162,0.2134,5.9183,"D"
185,15.5525,0.2143,5.9505,"R"
186,16.1335,0.2288,5.9826,"R"
187,16.1697,0.2297,6.0148,"R"
188,16.2375,0.2314,6.047,"R"
189,16.2738,0.2324,6.0791,"R"
190,16.3037,0.2331,6.1113,"R"
191,16.3928,0.2354,6.1435,"R"
192,16.4239,0.2361,6.1756,"R"
193,16.4743,0.2374,6.2078,"R"
194,16.5104,0.2384,6.2399,"R"
195,16.5517,0.2394,6.2721,"R"
196,16.5814,0.2402,6.3043,"R"
197,16.6129,0.241,6.3364,"R"
198,16.6408,0.2418,6.3686,"R"
199,16.6753,0.2427,6.4008,"R"
200,16.754,0.2448,6.4329,"R"
201,16.7933,0.2458,6.4651,"R"
202,16.8428,0.2472,6.4973,"R"
203,17.0032,0.2515,6.5294,"R"
204,17.0384,0.2524,6.5616,"R"
205,17.0732,0.2533,6.5938,"R"
206,17.2146,0.2572,6.6259,"R"
207,17.2387,0.2578,6.6581,"R"
208,17.2772,0.2589,6.6903,"D"
209,17.3101,0.2598,6.7224,"R"
210,17.4344,0.2632,6.7546,"D"
211,17.4648,0.264,6.7867,"R"
212,17.5118,0.2653,6.8189,"R"
213,17.5257,0.2657,6.8511,"R"
214,17.5769,0.2671,6.8832,"R"
215,17.6478,0.2691,6.9154,"D"
216,17.6724,0.2698,6.9476,"R"
217,17.7054,0.2707,6.9797,"R"
218,17.7865,0.273,7.0119,"R"
219,17.8499,0.2747,7.0441,"R"
220,17.8916,0.2759,7.0762,"R"
221,17.9047,0.2763,7.1084,"D"
222,18.5198,0.2938,7.1406,"R"
223,18.5493,0.2946,7.1727,"R"
224,18.5737,0.2953,7.2049,"R"
225,18.6029,0.2962,7.2371,"R"
226,18.7309,0.2999,7.2692,"R"
227,18.8274,0.3027,7.3014,"R"
228,18.8744,0.304,7.3335,"D"
229,19.0212,0.3083,7.3657,"R"
230,19.0598,0.3094,7.3979,"R"
231,19.0843,0.3102,7.43,"R"
232,19.1146,0.3111,7.4622,"R"
233,19.2417,0.3148,7.4944,"R"
234,19.3186,0.3171,7.5265,"R"
235,19.3592,0.3183,7.5587,"R"
236,19.5032,0.3227,7.5909,"R"
237,19.8559,0.3334,7.623,"R"
238,19.9624,0.3367,7.6552,"R"
239,20.0256,0.3386,7.6874,"R"
240,20.0759,0.3402,7.7195,"R"
241,20.1556,0.3426,7.7517,"R"
242,20.317,0.3477,7.7839,"R"
243,20.3469,0.3486,7.816,"R"
244,20.3772,0.3495,7.8482,"R"
245,20.4059,0.3504,7.8803,"R"
246,20.4605,0.3522,7.9125,"R"
247,20.5618,0.3554,7.9447,"D"
248,20.58,0.356,7.9768,"R"
249,20.6215,0.3573,8.009,"D"
250,20.6697,0.3589,8.0412,"R"
251,20.8218,0.3639,8.0733,"R"
252,20.8949,0.3663,8.1055,"R"
253,20.9707,0.3688,8.1377,"R"
254,21.0256,0.3706,8.1698,"R"
255,21.0564,0.3716,8.202,"R"
256,21.164,0.3752,8.2342,"R"
257,21.1971,0.3763,8.2663,"R"
258,21.24,0.3778,8.2985,"R"
259,21.2701,0.3788,8.3307,"R"
260,21.3033,0.3799,8.3628,"R"
261,21.4247,0.3841,8.395,"R"
262,21.4513,0.385,8.4271,"R"
263,21.5344,0.3879,8.4593,"R"
264,21.5651,0.3889,8.4915,"R"
265,21.6274,0.3911,8.5236,"R"
266,21.6467,0.3917,8.5558,"R"
267,21.6769,0.3928,8.588,"R"
268,21.715,0.3941,8.6201,"R"
269,21.7472,0.3952,8.6523,"R"
270,21.7911,0.3968,8.6845,"R"
271,21.8151,0.3976,8.7166,"R"
272,21.9212,0.4013,8.7488,"R"
273,21.9535,0.4024,8.781,"R"
274,21.9923,0.4038,8.8131,"R"
275,22.0668,0.4064,8.8453,"R"
276,22.0982,0.4075,8.8775,"R"
277,22.4089,0.4186,8.9096,"R"
278,22.4329,0.4194,8.9418,"R"
279,22.4591,0.4204,8.9739,"R"
280,22.4804,0.4212,9.0061,"R"
281,22.4982,0.4218,9.0383,"R"
282,22.5291,0.4229,9.0704,"R"
283,22.5615,0.4241,9.1026,"R"
284,22.6763,0.4284,9.1348,"R"
285,22.7146,0.4298,9.1669,"R"
286,22.7491,0.431,9.1991,"R"
287,22.8088,0.4333,9.2313,"R"
288,22.889,0.4362,9.2634,"R"
289,22.9922,0.4401,9.2956,"D"
290,23.0215,0.4412,9.3278,"R"
291,23.0638,0.4427,9.3599,"R"
292,23.0878,0.4436,9.3921,"R"
293,23.1339,0.4454,9.4243,"R"
294,23.2875,0.4512,9.4564,"D"
295,23.3675,0.4542,9.4886,"R"
296,23.4915,0.4588,9.5207,"R"
297,23.5217,0.46,9.5529,"R"
298,23.6151,0.4636,9.5851,"R"
299,23.6459,0.4648,9.6172,"R"
300,23.6865,0.4663,9.6494,"R"
301,23.7047,0.467,9.6816,"R"
302,23.724,0.4678,9.7137,"R"
303,23.7821,0.4701,9.7459,"R"
304,23.8061,0.471,9.7781,"R"
305,23.8296,0.4719,9.8102,"R"
306,23.8861,0.4741,9.8424,"R"
307,23.9071,0.475,9.8746,"R"
308,23.9376,0.4762,9.9067,"R"
309,23.9884,0.4782,9.9389,"R"
310,24.0102,0.4791,9.9711,"R"
311,24.0346,0.48,10.0032,"R"
312,24.198,0.4866,10.0354,"R"
313,24.2283,0.4878,10.0675,"R"
314,24.2587,0.4891,10.0997,"R"
315,24.278,0.4899,10.1319,"R"
316,24.3118,0.4912,10.164,"R"
317,24.3593,0.4932,10.1962,"R"
318,24.3873,0.4943,10.2284,"R"
319,24.4209,0.4957,10.2605,"R"
320,24.4475,0.4968,10.2927,"R"
321,24.5607,0.5014,10.3249,"R"
322,24.599,0.503,10.357,"R"
323,24.6182,0.5038,10.3892,"R"
324,24.7233,0.5082,10.4214,"R"
325,24.7544,0.5095,10.4535,"R"
326,24.7887,0.511,10.4857,"R"
327,24.8083,0.5118,10.5179,"R"
328,24.87,0.5145,10.55,"R"
329,24.9038,0.5159,10.5822,"R"
330,24.9281,0.5169,10.6143,"R"
331,24.9584,0.5182,10.6465,"R"
332,25.0345,0.5215,10.6787,"R"
333,25.0717,0.5231,10.7108,"R"
334,25.1404,0.5261,10.743,"R"
335,25.222,0.5297,10.7752,"R"
336,25.2924,0.5328,10.8073,"R"
337,25.3905,0.5371,10.8395,"R"
338,25.4318,0.5389,10.8717,"R"
339,25.4621,0.5402,10.9038,"R"
340,25.4769,0.5408,10.936,"R"
341,25.5641,0.5447,10.9682,"R"
342,25.6533,0.5486,11.0003,"R"
343,25.6842,0.55,11.0325,"R"
344,25.7127,0.5513,11.0647,"R"
345,25.8724,0.5585,11.0968,"D"
346,25.9015,0.5598,11.129,"R"
347,26.1363,0.5706,11.1611,"R"
348,26.1579,0.5716,11.1933,"R"
349,26.1847,0.5728,11.2255,"R"
350,26.2231,0.5746,11.2576,"R"
351,26.2819,0.5773,11.2898,"R"
352,26.3177,0.579,11.322,"R"
353,26.3332,0.5797,11.3541,"R"
354,26.3517,0.5806,11.3863,"R"
355,26.5053,0.5879,11.4185,"R"
356,26.5545,0.5903,11.4506,"D"
357,26.5838,0.5917,11.4828,"R"
358,26.6122,0.5931,11.515,"R"
359,26.6427,0.5945,11.5471,"R"
360,26.6737,0.596,11.5793,"R"
361,26.7343,0.599,11.6115,"R"
362,26.8049,0.6024,11.6436,"R"
363,26.8295,0.6036,11.6758,"R"
364,26.8681,0.6054,11.7079,"R"
365,26.8975,0.6069,11.7401,"R"
366,26.9666,0.6102,11.7723,"R"
367,26.9967,0.6117,11.8044,"R"
368,27.0681,0.6152,11.8366,"R"
369,27.1324,0.6184,11.8688,"R"
370,27.2664,0.625,11.9009,"R"
371,27.2983,0.6266,11.9331,"D"
372,27.328,0.628,11.9653,"R"
373,27.3729,0.6303,11.9974,"D"
374,27.5108,0.6373,12.0296,"R"
375,27.5543,0.6395,12.0618,"R"
376,27.5757,0.6406,12.0939,"R"
377,27.7432,0.6493,12.1261,"R"
378,27.8435,0.6545,12.1583,"R"
379,27.9263,0.6587,12.1904,"R"
380,28.1246,0.6691,12.2226,"D"
381,28.1685,0.6714,12.2547,"D"
382,28.1999,0.673,12.2869,"R"
383,28.2537,0.6759,12.3191,"R"
384,28.3188,0.6793,12.3512,"R"
385,28.3941,0.6833,12.3834,"R"
386,28.4414,0.6858,12.4156,"R"
387,28.5508,0.6916,12.4477,"R"
388,28.5887,0.6937,12.4799,"R"
389,28.6195,0.6953,12.5121,"R"
390,28.639,0.6964,12.5442,"R"
391,28.6684,0.6979,12.5764,"R"
392,28.7119,0.7003,12.6086,"R"
393,28.7356,0.7016,12.6407,"R"
394,28.7956,0.7048,12.6729,"R"
395,28.8304,0.7067,12.705,"R"
396,28.8605,0.7084,12.7372,"R"
397,29.2394,0.7293,12.7694,"D"
398,29.2692,0.7309,12.8015,"R"
399,29.2908,0.7321,12.8337,"R"
400,29.3415,0.7349,12.8659,"R"
401,29.4348,0.7401,12.898,"R"
402,29.465,0.7418,12.9302,"R"
403,29.4945,0.7435,12.9624,"R"
404,29.5221,0.745,12.9945,"R"
405,29.5665,0.7475,13.0267,"R"
406,29.5908,0.7489,13.0589,"R"
407,29.609,0.75,13.091,"R"
408,29.6282,0.7511,13.1232,"R"
409,29.6585,0.7528,13.1554,"R"
410,29.6855,0.7544,13.1875,"R"
411,29.7024,0.7554,13.2197,"R"
412,29.7315,0.7571,13.2518,"R"
413,29.8097,0.7617,13.284,"R"
414,29.9135,0.7678,13.3162,"R"
415,29.9435,0.7696,13.3483,"R"
416,29.9629,0.7707,13.3805,"R"
417,29.9823,0.7719,13.4127,"R"
418,30.008,0.7734,13.4448,"R"
419,30.0634,0.7768,13.477,"R"
420,30.107,0.7794,13.5092,"R"
421,30.1341,0.7811,13.5413,"R"
422,30.1487,0.782,13.5735,"R"
423,30.183,0.7841,13.6057,"R"
424,30.3053,0.7917,13.6378,"R"
425,30.366,0.7955,13.67,"R"
426,30.5013,0.804,13.7022,"D"
427,30.5726,0.8085,13.7343,"D"
428,30.5913,0.8097,13.7665,"R"
429,30.6149,0.8112,13.7986,"R"
430,30.652,0.8135,13.8308,"R"
431,30.8084,0.8234,13.863,"R"
432,30.8394,0.8254,13.8951,"R"
433,30.949,0.8324,13.9273,"D"
434,30.9703,0.8337,13.9595,"R"
435,31.0007,0.8357,13.9916,"R"
436,31.0367,0.838,14.0238,"R"
437,31.0795,0.8407,14.056,"R"
438,31.1076,0.8425,14.0881,"R"
439,31.3201,0.8563,14.1203,"R"
440,31.3673,0.8593,14.1525,"R"
441,31.4003,0.8615,14.1846,"R"
442,31.4246,0.8631,14.2168,"R"
443,31.4489,0.8646,14.249,"R"
444,31.4722,0.8662,14.2811,"R"
445,31.5085,0.8685,14.3133,"R"
446,31.6125,0.8754,14.3454,"R"
447,31.6559,0.8783,14.3776,"R"
448,31.6701,0.8792,14.4098,"R"
449,31.6927,0.8807,14.4419,"R"
450,31.7166,0.8823,14.4741,"R"
451,31.7478,0.8844,14.5063,"R"
452,31.8171,0.8891,14.5384,"R"
453,31.9687,0.8994,14.5706,"R"
454,31.9891,0.9007,14.6028,"R"
455,32.0396,0.9042,14.6349,"R"
456,32.0651,0.9059,14.6671,"R"
457,32.1991,0.9151,14.6993,"D"
458,32.2622,0.9194,14.7314,"R"
459,32.2792,0.9206,14.7636,"R"
460,32.3068,0.9225,14.7958,"R"
461,32.3391,0.9248,14.8279,"R"
462,32.5628,0.9404,14.8601,"R"
463,32.7681,0.9548,14.8922,"R"
464,32.7892,0.9563,14.9244,"R"
465,32.876,0.9625,14.9566,"R"
466,32.9195,0.9656,14.9887,"D"
467,32.9335,0.9666,15.0209,"R"
468,32.9589,0.9684,15.0531,"R"
469,32.9888,0.9705,15.0852,"R"
470,33.0184,0.9726,15.1174,"R"
471,33.0556,0.9753,15.1496,"R"
472,33.6854,1.0209,15.1817,"D"
473,33.7156,1.0231,15.2139,"R"
474,33.7648,1.0267,15.2461,"R"
475,33.8053,1.0297,15.2782,"R"
476,33.8326,1.0317,15.3104,"R"
477,33.9951,1.0435,15.3426,"R"
478,34.017,1.0452,15.3747,"R"
479,34.0332,1.0464,15.4069,"R"
480,34.0859,1.0502,15.439,"R"
481,34.1101,1.052,15.4712,"R"
482,34.1247,1.0531,15.5034,"R"
483,34.3029,1.0663,15.5355,"R"
484,34.3223,1.0678,15.5677,"R"
485,34.4087,1.0742,15.5999,"R"
486,34.4387,1.0765,15.632,"R"
487,34.4576,1.0779,15.6642,"R"
488,34.4932,1.0805,15.6964,"R"
489,34.5236,1.0828,15.7285,"R"
490,34.5435,1.0843,15.7607,"R"
491,34.5629,1.0858,15.7929,"R"
492,34.5843,1.0874,15.825,"R"
493,34.6247,1.0905,15.8572,"R"
494,34.6606,1.0932,15.8894,"R"
495,34.6813,1.0948,15.9215,"R"
496,34.6967,1.096,15.9537,"R"
497,34.7172,1.0976,15.9858,"R"
498,34.7407,1.0994,16.018,"R"
499,34.7782,1.1023,16.0502,"R"
500,34.8043,1.1043,16.0823,"R"
501,34.8383,1.1069,16.1145,"R"
502,34.8673,1.1092,16.1467,"R"
503,34.8865,1.1107,16.1788,"R"
504,34.9373,1.1146,16.211,"R"
505,34.9687,1.1171,16.2432,"R"
506,35.1133,1.1285,16.2753,"R"
507,35.2081,1.136,16.3075,"R"
508,35.2227,1.1372,16.3397,"D"
509,35.2545,1.1397,16.3718,"R"
510,35.2889,1.1424,16.404,"R"
511,35.3092,1.144,16.4362,"D"
512,35.3336,1.146,16.4683,"R"
513,35.3426,1.1467,16.5005,"R"
514,35.3575,1.1479,16.5326,"R"
515,35.3972,1.1511,16.5648,"R"
516,35.5146,1.1605,16.597,"R"
517,35.5429,1.1628,16.6291,"R"
518,35.5732,1.1653,16.6613,"R"
519,35.624,1.1695,16.6935,"R"
520,35.6945,1.1754,16.7256,"R"
521,35.7174,1.1773,16.7578,"D"
522,35.7735,1.182,16.79,"R"
523,35.8088,1.1849,16.8221,"R"
524,35.8203,1.1859,16.8543,"R"
525,35.8383,1.1874,16.8865,"R"
526,35.8784,1.1908,16.9186,"R"
527,35.9167,1.194,16.9508,"R"
528,35.9315,1.1953,16.983,"R"
529,35.9569,1.1974,17.0151,"R"
530,35.9801,1.1994,17.0473,"R"
531,35.9922,1.2004,17.0794,"D"
532,36.0077,1.2018,17.1116,"D"
533,36.0383,1.2044,17.1438,"D"
534,36.0515,1.2056,17.1759,"R"
535,36.1267,1.2121,17.2081,"R"
536,36.1504,1.2141,17.2403,"R"
537,36.1787,1.2166,17.2724,"R"
538,36.2079,1.2192,17.3046,"R"
539,36.2357,1.2216,17.3368,"R"
540,36.2632,1.224,17.3689,"R"
541,36.2996,1.2273,17.4011,"R"
542,36.3061,1.2278,17.4333,"D"
543,36.339,1.2308,17.4654,"R"
544,36.3729,1.2338,17.4976,"R"
545,36.3904,1.2354,17.5298,"R"
546,36.4212,1.2381,17.5619,"R"
547,36.5276,1.2477,17.5941,"R"
548,36.7121,1.2642,17.6262,"D"
549,36.733,1.2661,17.6584,"R"
550,36.7477,1.2674,17.6906,"R"
551,36.7765,1.27,17.7227,"R"
552,36.8016,1.2723,17.7549,"R"
553,36.8307,1.2749,17.7871,"R"
554,36.8571,1.2773,17.8192,"R"
555,37.0953,1.2992,17.8514,"R"
556,37.1222,1.3016,17.8836,"R"
557,37.156,1.3048,17.9157,"R"
558,37.1864,1.3076,17.9479,"R"
559,37.3349,1.3214,17.9801,"R"
560,37.3496,1.3228,18.0122,"R"
561,37.4388,1.3312,18.0444,"D"
562,37.4624,1.3334,18.0766,"R"
563,37.4798,1.335,18.1087,"R"
564,37.4978,1.3367,18.1409,"R"
565,37.5315,1.3399,18.173,"R"
566,37.5876,1.3452,18.2052,"R"
567,37.7832,1.3638,18.2374,"R"
568,37.8051,1.3659,18.2695,"R"
569,37.8403,1.3692,18.3017,"R"
570,37.8627,1.3714,18.3339,"R"
571,37.8846,1.3735,18.366,"R"
572,37.9032,1.3752,18.3982,"R"
573,37.9226,1.3771,18.4304,"R"
574,37.9369,1.3785,18.4625,"R"
575,37.955,1.3802,18.4947,"R"
576,37.9893,1.3836,18.5269,"R"
577,38.0459,1.3891,18.559,"R"
578,38.3825,1.4223,18.5912,"R"
579,38.3981,1.4238,18.6234,"R"
580,38.4231,1.4263,18.6555,"R"
581,38.449,1.4289,18.6877,"R"
582,38.4684,1.4308,18.7198,"R"
583,38.4879,1.4328,18.752,"R"
584,38.5504,1.4391,18.7842,"R"
585,38.5734,1.4415,18.8163,"R"
586,38.5925,1.4434,18.8485,"R"
587,38.6933,1.4537,18.8807,"R"
588,38.919,1.4769,18.9128,"R"
589,38.9434,1.4794,18.945,"R"
590,38.9717,1.4823,18.9772,"R"
591,38.9976,1.485,19.0093,"D"
592,39.0718,1.4927,19.0415,"R"
593,39.0975,1.4954,19.0737,"R"
594,39.1162,1.4973,19.1058,"R"
595,39.1295,1.4987,19.138,"R"
596,39.2101,1.5071,19.1702,"R"
597,39.2346,1.5097,19.2023,"R"
598,39.2651,1.5129,19.2345,"R"
599,39.2793,1.5144,19.2666,"D"
600,39.3162,1.5183,19.2988,"R"
601,39.3416,1.521,19.331,"R"
602,39.4038,1.5275,19.3631,"R"
603,39.4253,1.5298,19.3953,"D"
604,39.4679,1.5343,19.4275,"R"
605,39.4928,1.537,19.4596,"R"
606,39.5357,1.5416,19.4918,"R"
607,39.5693,1.5452,19.524,"R"
608,39.5862,1.547,19.5561,"R"
609,39.5996,1.5484,19.5883,"R"
610,39.6349,1.5522,19.6205,"R"
611,39.7762,1.5675,19.6526,"R"
612,39.807,1.5709,19.6848,"R"
613,39.8273,1.5731,19.717,"R"
614,39.8515,1.5757,19.7491,"R"
615,39.8759,1.5784,19.7813,"R"
616,39.9245,1.5837,19.8134,"R"
617,39.9416,1.5856,19.8456,"R"
618,40.0063,1.5927,19.8778,"R"
619,40.0679,1.5995,19.9099,"R"
620,40.0806,1.6009,19.9421,"R"
621,40.1112,1.6042,19.9743,"R"
622,40.1421,1.6077,20.0064,"R"
623,40.1615,1.6098,20.0386,"R"
624,40.1887,1.6128,20.0708,"R"
625,40.2067,1.6148,20.1029,"R"
626,40.2292,1.6174,20.1351,"R"
627,40.2417,1.6188,20.1673,"R"
628,40.2747,1.6225,20.1994,"R"
629,40.4357,1.6406,20.2316,"R"
630,40.637,1.6633,20.2638,"R"
631,40.679,1.668,20.2959,"R"
632,40.7057,1.6711,20.3281,"R"
633,40.7211,1.6728,20.3602,"D"
634,40.7517,1.6763,20.3924,"D"
635,40.7694,1.6783,20.4246,"R"
636,40.7876,1.6804,20.4567,"R"
637,40.8176,1.6839,20.4889,"D"
638,40.8481,1.6874,20.5211,"R"
639,40.8745,1.6904,20.5532,"R"
640,40.9219,1.6959,20.5854,"R"
641,40.9408,1.6981,20.6176,"R"
642,40.9797,1.7026,20.6497,"R"
643,41.0192,1.7072,20.6819,"R"
644,41.0352,1.7091,20.7141,"R"
645,41.0528,1.7111,20.7462,"R"
646,41.085,1.7149,20.7784,"R"
647,41.1476,1.7223,20.8106,"R"
648,41.1795,1.7261,20.8427,"R"
649,41.2035,1.7289,20.8749,"R"
650,41.223,1.7313,20.907,"R"
651,41.2546,1.735,20.9392,"R"
652,41.2691,1.7368,20.9714,"R"
653,41.2884,1.7391,21.0035,"R"
654,41.3127,1.742,21.0357,"D"
655,41.4934,1.7638,21.0679,"R"
656,41.5127,1.7661,21.1,"R"
657,41.5346,1.7688,21.1322,"D"
658,41.5564,1.7715,21.1644,"R"
659,41.6064,1.7776,21.1965,"R"
660,41.659,1.784,21.2287,"R"
661,41.6761,1.7861,21.2609,"R"
662,41.6865,1.7873,21.293,"R"
663,41.7171,1.7911,21.3252,"R"
664,41.7364,1.7934,21.3573,"R"
665,41.754,1.7956,21.3895,"D"
666,41.7725,1.7979,21.4217,"R"
667,41.7937,1.8005,21.4538,"D"
668,41.879,1.811,21.486,"R"
669,41.9658,1.8217,21.5182,"R"
670,41.9893,1.8247,21.5503,"D"
671,42.0102,1.8273,21.5825,"R"
672,42.0173,1.8281,21.6147,"R"
673,42.0425,1.8313,21.6468,"R"
674,42.0574,1.8331,21.679,"R"
675,42.1176,1.8406,21.7112,"R"
676,42.1667,1.8467,21.7433,"R"
677,42.1916,1.8498,21.7755,"D"
678,42.2081,1.8519,21.8077,"R"
679,42.2277,1.8544,21.8398,"R"
680,42.2495,1.8571,21.872,"R"
681,42.2664,1.8592,21.9041,"R"
682,42.2927,1.8626,21.9363,"R"
683,42.3162,1.8655,21.9685,"R"
684,42.3299,1.8673,22.0006,"D"
685,42.3572,1.8707,22.0328,"R"
686,42.3822,1.8739,22.065,"R"
687,42.3993,1.8761,22.0971,"R"
688,42.4204,1.8788,22.1293,"D"
689,42.4439,1.8818,22.1615,"R"
690,42.4747,1.8858,22.1936,"R"
691,42.4985,1.8889,22.2258,"R"
692,42.5233,1.8921,22.258,"R"
693,42.5399,1.8943,22.2901,"R"
694,42.565,1.8975,22.3223,"R"
695,42.5869,1.9004,22.3545,"R"
696,42.6669,1.9109,22.3866,"D"
697,42.6862,1.9134,22.4188,"R"
698,42.7115,1.9168,22.4509,"R"
699,42.7572,1.9228,22.4831,"R"
700,42.7656,1.9239,22.5153,"R"
701,42.7771,1.9254,22.5474,"R"
702,42.846,1.9346,22.5796,"R"
703,42.8775,1.9388,22.6118,"R"
704,42.8987,1.9417,22.6439,"R"
705,42.9171,1.9441,22.6761,"R"
706,42.9598,1.9499,22.7083,"R"
707,42.9778,1.9523,22.7404,"R"
708,42.9968,1.9549,22.7726,"R"
709,43.0143,1.9572,22.8048,"R"
710,43.101,1.9689,22.8369,"R"
711,43.1155,1.9709,22.8691,"D"
712,43.1472,1.9752,22.9013,"R"
713,43.1729,1.9787,22.9334,"R"
714,43.2153,1.9845,22.9656,"R"
715,43.2786,1.9931,22.9977,"R"
716,43.3132,1.9978,23.0299,"R"
717,43.3348,2.0008,23.0621,"R"
718,43.3528,2.0033,23.0942,"R"
719,43.3761,2.0065,23.1264,"D"
720,43.3954,2.0091,23.1586,"R"
721,43.4141,2.0117,23.1907,"R"
722,43.4428,2.0156,23.2229,"R"
723,43.4573,2.0176,23.2551,"R"
724,43.5276,2.0274,23.2872,"R"
725,43.6604,2.0459,23.3194,"R"
726,43.6812,2.0488,23.3516,"R"
727,43.7003,2.0514,23.3837,"R"
728,43.7206,2.0543,23.4159,"R"
729,43.7356,2.0564,23.4481,"R"
730,43.7521,2.0587,23.4802,"D"
731,43.7882,2.0638,23.5124,"R"
732,43.8143,2.0675,23.5445,"R"
733,43.8452,2.0719,23.5767,"R"
734,43.9138,2.0816,23.6089,"R"
735,43.957,2.0877,23.641,"R"
736,43.9708,2.0897,23.6732,"D"
737,43.9881,2.0922,23.7054,"R"
738,44.0075,2.0949,23.7375,"R"
739,44.0303,2.0982,23.7697,"R"
740,44.0398,2.0995,23.8019,"D"
741,44.0464,2.1005,23.834,"D"
742,44.1209,2.1112,23.8662,"D"
743,44.1373,2.1135,23.8984,"R"
744,44.1616,2.117,23.9305,"R"
745,44.1782,2.1194,23.9627,"R"
746,44.2154,2.1247,23.9949,"R"
747,44.2368,2.1278,24.027,"R"
748,44.2868,2.1351,24.0592,"D"
749,44.3172,2.1395,24.0913,"R"
750,44.3486,2.144,24.1235,"R"
751,44.3669,2.1467,24.1557,"D"
752,44.4042,2.1521,24.1878,"R"
753,44.4355,2.1566,24.22,"R"
754,44.4553,2.1595,24.2522,"R"
755,44.4605,2.1603,24.2843,"R"
756,44.4885,2.1644,24.3165,"R"
757,44.5301,2.1706,24.3487,"R"
758,44.5582,2.1747,24.3808,"R"
759,44.5798,2.1779,24.413,"R"
760,44.6073,2.182,24.4452,"R"
761,44.6328,2.1858,24.4773,"R"
762,44.6585,2.1897,24.5095,"R"
763,44.7252,2.1997,24.5417,"R"
764,44.7352,2.2012,24.5738,"R"
765,44.757,2.2044,24.606,"D"
766,44.768,2.2061,24.6381,"R"
767,44.7984,2.2107,24.6703,"R"
768,44.8177,2.2136,24.7025,"R"
769,44.842,2.2172,24.7346,"R"
770,44.8864,2.2239,24.7668,"R"
771,44.923,2.2295,24.799,"R"
772,44.9399,2.2321,24.8311,"R"
773,44.9597,2.2351,24.8633,"R"
774,44.9855,2.239,24.8955,"R"
775,45.0097,2.2427,24.9276,"D"
776,45.0201,2.2443,24.9598,"R"
777,45.0438,2.2479,24.992,"R"
778,45.0679,2.2516,25.0241,"R"
779,45.1217,2.2599,25.0563,"R"
780,45.1464,2.2637,25.0885,"R"
781,45.1655,2.2667,25.1206,"R"
782,45.179,2.2688,25.1528,"R"
783,45.1999,2.2721,25.1849,"R"
784,45.2332,2.2773,25.2171,"R"
785,45.2552,2.2807,25.2493,"R"
786,45.2738,2.2837,25.2814,"R"
787,45.2918,2.2865,25.3136,"R"
788,45.3104,2.2895,25.3458,"R"
789,45.3545,2.2965,25.3779,"R"
790,45.3858,2.3015,25.4101,"R"
791,45.4117,2.3056,25.4423,"R"
792,45.4291,2.3083,25.4744,"R"
793,45.4432,2.3106,25.5066,"D"
794,45.4678,2.3146,25.5388,"R"
795,45.4891,2.318,25.5709,"R"
796,45.5043,2.3204,25.6031,"R"
797,45.5234,2.3235,25.6353,"R"
798,45.9744,2.3959,25.6674,"R"
799,45.9882,2.3981,25.6996,"R"
800,46.0997,2.4161,25.7317,"R"
801,46.1194,2.4193,25.7639,"R"
802,46.1537,2.4249,25.7961,"R"
803,46.1738,2.4281,25.8282,"R"
804,46.2104,2.4341,25.8604,"R"
805,46.225,2.4365,25.8926,"R"
806,46.2801,2.4455,25.9247,"R"
807,46.3106,2.4505,25.9569,"R"
808,46.3469,2.4564,25.9891,"R"
809,46.3617,2.4588,26.0212,"R"
810,46.397,2.4647,26.0534,"D"
811,46.4166,2.4679,26.0856,"R"
812,46.4358,2.471,26.1177,"R"
813,46.444,2.4724,26.1499,"R"
814,46.4579,2.4747,26.1821,"R"
815,46.4745,2.4774,26.2142,"R"
816,46.4887,2.4798,26.2464,"R"
817,46.5216,2.4852,26.2785,"R"
818,46.5435,2.4889,26.3107,"R"
819,46.5743,2.494,26.3429,"R"
820,46.6394,2.505,26.375,"R"
821,46.6527,2.5072,26.4072,"D"
822,46.682,2.5121,26.4394,"R"
823,46.701,2.5154,26.4715,"R"
824,46.7318,2.5206,26.5037,"R"
825,46.7717,2.5274,26.5359,"R"
826,46.8143,2.5347,26.568,"R"
827,46.8308,2.5375,26.6002,"R"
828,46.8504,2.5409,26.6324,"R"
829,46.8675,2.5438,26.6645,"R"
830,46.9672,2.5609,26.6967,"R"
831,46.9928,2.5653,26.7289,"D"
832,47.0081,2.568,26.761,"R"
833,47.0274,2.5713,26.7932,"R"
834,47.0402,2.5735,26.8253,"R"
835,47.0684,2.5784,26.8575,"R"
836,47.1415,2.591,26.8897,"D"
837,47.1696,2.5959,26.9218,"R"
838,47.1971,2.6007,26.954,"R"
839,47.2087,2.6027,26.9862,"R"
840,47.2228,2.6052,27.0183,"R"
841,47.2418,2.6085,27.0505,"R"
842,47.2727,2.6139,27.0827,"R"
843,47.286,2.6162,27.1148,"R"
844,47.2989,2.6184,27.147,"R"
845,47.3302,2.6239,27.1792,"R"
846,47.3461,2.6267,27.2113,"D"
847,47.364,2.6299,27.2435,"R"
848,47.44,2.6432,27.2757,"R"
849,47.4709,2.6487,27.3078,"R"
850,47.4951,2.653,27.34,"R"
851,47.5142,2.6563,27.3721,"R"
852,47.5292,2.659,27.4043,"R"
853,47.5472,2.6622,27.4365,"R"
854,47.5568,2.6639,27.4686,"D"
855,47.5751,2.6671,27.5008,"R"
856,47.5859,2.6691,27.533,"R"
857,47.6067,2.6728,27.5651,"R"
858,47.6407,2.6788,27.5973,"R"
859,47.662,2.6826,27.6295,"R"
860,47.6836,2.6865,27.6616,"R"
861,47.7093,2.6911,27.6938,"R"
862,47.7234,2.6937,27.726,"R"
863,47.7481,2.6981,27.7581,"R"
864,47.7782,2.7035,27.7903,"R"
865,47.803,2.708,27.8225,"R"
866,47.8245,2.7118,27.8546,"D"
867,47.8312,2.7131,27.8868,"R"
868,47.8427,2.7151,27.9189,"R"
869,47.9515,2.7349,27.9511,"R"
870,47.9812,2.7404,27.9833,"R"
871,48.0067,2.745,28.0154,"R"
872,48.0267,2.7486,28.0476,"R"
873,48.0461,2.7522,28.0798,"R"
874,48.2328,2.7864,28.1119,"R"
875,48.4429,2.8248,28.1441,"R"
876,48.4526,2.8266,28.1763,"R"
877,48.4658,2.829,28.2084,"R"
878,48.5342,2.8416,28.2406,"R"
879,48.5453,2.8436,28.2728,"R"
880,48.56,2.8463,28.3049,"R"
881,48.5889,2.8517,28.3371,"R"
882,48.6026,2.8542,28.3693,"R"
883,48.6225,2.8579,28.4014,"R"
884,48.6372,2.8606,28.4336,"R"
885,48.6662,2.866,28.4657,"R"
886,48.7009,2.8724,28.4979,"R"
887,48.7183,2.8757,28.5301,"R"
888,48.779,2.8869,28.5622,"R"
889,48.8143,2.8935,28.5944,"R"
890,48.8222,2.895,28.6266,"R"
891,48.836,2.8976,28.6587,"R"
892,48.9068,2.9108,28.6909,"R"
893,48.9487,2.9187,28.7231,"R"
894,48.9583,2.9204,28.7552,"R"
895,48.9731,2.9232,28.7874,"R"
896,49.0043,2.9291,28.8196,"R"
897,49.0375,2.9354,28.8517,"R"
898,49.0597,2.9396,28.8839,"R"
899,49.0794,2.9433,28.9161,"R"
900,49.1065,2.9484,28.9482,"R"
901,49.1463,2.956,28.9804,"R"
902,49.1668,2.9599,29.0125,"R"
903,49.1862,2.9635,29.0447,"R"
904,49.271,2.9797,29.0769,"R"
905,49.3289,2.9907,29.109,"R"
906,49.3407,2.9929,29.1412,"R"
907,49.3678,2.9981,29.1734,"R"
908,49.3802,3.0005,29.2055,"R"
909,49.3923,3.0028,29.2377,"R"
910,49.4254,3.0092,29.2699,"R"
911,49.5156,3.0266,29.302,"R"
912,49.5439,3.032,29.3342,"R"
913,49.5737,3.0378,29.3664,"R"
914,49.5946,3.0418,29.3985,"R"
915,49.6112,3.045,29.4307,"D"
916,49.6418,3.051,29.4628,"R"
917,49.6546,3.0535,29.495,"D"
918,49.6766,3.0578,29.5272,"R"
919,49.6962,3.0616,29.5593,"R"
920,49.7143,3.0651,29.5915,"R"
921,49.7371,3.0696,29.6237,"R"
922,49.7519,3.0725,29.6558,"R"
923,49.7817,3.0783,29.688,"R"
924,49.8814,3.0979,29.7202,"D"
925,49.9148,3.1045,29.7523,"R"
926,49.9309,3.1076,29.7845,"R"
927,49.9509,3.1116,29.8167,"R"
928,49.9753,3.1164,29.8488,"R"
929,49.9937,3.12,29.881,"R"
930,50.0152,3.1243,29.9132,"R"
931,50.0583,3.1328,29.9453,"R"
932,50.0924,3.1396,29.9775,"R"
933,50.1009,3.1413,30.0096,"R"
934,50.1207,3.1452,30.0418,"R"
935,50.1353,3.1481,30.074,"R"
936,50.151,3.1513,30.1061,"R"
937,50.177,3.1564,30.1383,"R"
938,50.1942,3.1599,30.1705,"R"
939,50.2109,3.1632,30.2026,"R"
940,50.2542,3.1719,30.2348,"R"
941,50.2839,3.1778,30.267,"R"
942,50.3032,3.1817,30.2991,"R"
943,50.3288,3.1868,30.3313,"R"
944,50.3863,3.1983,30.3635,"R"
945,50.4053,3.2022,30.3956,"R"
946,50.414,3.2039,30.4278,"R"
947,50.4234,3.2058,30.46,"R"
948,50.4547,3.2121,30.4921,"R"
949,50.4633,3.2138,30.5243,"R"
950,50.4703,3.2152,30.5564,"R"
951,50.5028,3.2218,30.5886,"R"
952,50.5236,3.226,30.6208,"R"
953,50.5485,3.2311,30.6529,"R"
954,50.568,3.235,30.6851,"R"
955,50.6014,3.2419,30.7173,"R"
956,50.6242,3.2466,30.7494,"R"
957,50.6399,3.2498,30.7816,"R"
958,50.6611,3.2541,30.8138,"R"
959,50.6851,3.259,30.8459,"R"
960,50.6978,3.2617,30.8781,"R"
961,50.7202,3.2663,30.9103,"R"
962,50.7338,3.2691,30.9424,"R"
963,50.7573,3.2739,30.9746,"R"
964,50.7779,3.2782,31.0068,"R"
965,50.7911,3.2809,31.0389,"R"
966,50.8057,3.2839,31.0711,"R"
967,50.8344,3.2899,31.1032,"R"
968,50.8648,3.2962,31.1354,"R"
969,50.9124,3.3061,31.1676,"R"
970,50.9291,3.3095,31.1997,"R"
971,50.9532,3.3145,31.2319,"R"
972,50.9728,3.3186,31.2641,"R"
973,51.0335,3.3313,31.2962,"D"
974,51.0554,3.3358,31.3284,"R"
975,51.0689,3.3387,31.3606,"R"
976,51.1876,3.3635,31.3927,"D"
977,51.1936,3.3647,31.4249,"R"
978,51.2075,3.3676,31.4571,"R"
979,51.2355,3.3735,31.4892,"R"
980,51.2561,3.3778,31.5214,"R"
981,51.2889,3.3847,31.5536,"R"
982,51.3515,3.3979,31.5857,"R"
983,51.3652,3.4008,31.6179,"R"
984,51.3849,3.405,31.65,"R"
985,51.4008,3.4083,31.6822,"R"
986,51.4176,3.4119,31.7144,"R"
987,51.4438,3.4174,31.7465,"R"
988,51.4782,3.4247,31.7787,"R"
989,51.4982,3.429,31.8109,"R"
990,51.5182,3.4332,31.843,"R"
991,51.5261,3.4349,31.8752,"R"
992,51.5495,3.4398,31.9074,"R"
993,51.5733,3.4449,31.9395,"R"
994,51.5885,3.4481,31.9717,"R"
995,51.603,3.4512,32.0039,"R"
996,51.6326,3.4575,32.036,"R"
997,51.6678,3.465,32.0682,"R"
998,51.6841,3.4685,32.1004,"R"
999,51.7025,3.4724,32.1325,"R"
1000,51.7194,3.4761,32.1647,"R"
1001,51.7422,3.4809,32.1968,"R"
1002,51.7927,3.4918,32.229,"R"
1003,51.8048,3.4944,32.2612,"R"
1004,51.8284,3.4994,32.2933,"R"
1005,51.8583,3.5059,32.3255,"R"
1006,51.9421,3.524,32.3577,"R"
1007,51.9568,3.5271,32.3898,"R"
1008,51.9742,3.5309,32.422,"R"
1009,52.052,3.5477,32.4542,"R"
1010,52.077,3.5531,32.4863,"R"
1011,52.1222,3.5629,32.5185,"R"
1012,52.1403,3.5668,32.5507,"R"
1013,52.1607,3.5713,32.5828,"R"
1014,52.1882,3.5772,32.615,"R"
1015,52.1985,3.5795,32.6472,"R"
1016,52.2148,3.583,32.6793,"R"
1017,52.2907,3.5996,32.7115,"R"
1018,52.3113,3.6041,32.7436,"R"
1019,52.3381,3.61,32.7758,"R"
1020,52.3617,3.6151,32.808,"R"
1021,52.3853,3.6203,32.8401,"D"
1022,52.4071,3.6251,32.8723,"D"
1023,52.4399,3.6323,32.9045,"D"
1024,52.4591,3.6365,32.9366,"R"
1025,52.468,3.6384,32.9688,"R"
1026,52.5296,3.652,33.001,"R"
1027,52.5512,3.6567,33.0331,"R"
1028,52.5654,3.6599,33.0653,"R"
1029,52.5953,3.6665,33.0975,"R"
1030,52.6157,3.671,33.1296,"R"
1031,52.6324,3.6746,33.1618,"R"
1032,52.6653,3.6819,33.194,"R"
1033,52.6893,3.6872,33.2261,"R"
1034,52.6927,3.688,33.2583,"R"
1035,52.7185,3.6937,33.2904,"R"
1036,52.7427,3.6991,33.3226,"R"
1037,52.7668,3.7045,33.3548,"R"
1038,52.7758,3.7065,33.3869,"R"
1039,52.7917,3.71,33.4191,"R"
1040,52.8156,3.7154,33.4513,"R"
1041,52.8317,3.719,33.4834,"R"
1042,52.8464,3.7223,33.5156,"R"
1043,52.8649,3.7265,33.5478,"R"
1044,52.8816,3.7302,33.5799,"R"
1045,52.9207,3.7391,33.6121,"R"
1046,52.9455,3.7446,33.6443,"R"
1047,52.9638,3.7488,33.6764,"R"
1048,53.0165,3.7607,33.7086,"R"
1049,53.0392,3.7658,33.7408,"R"
1050,53.0621,3.771,33.7729,"R"
1051,53.0677,3.7723,33.8051,"R"
1052,53.0725,3.7734,33.8372,"R"
1053,53.1028,3.7802,33.8694,"R"
1054,53.1222,3.7846,33.9016,"R"
1055,53.1759,3.7968,33.9337,"R"
1056,53.2052,3.8035,33.9659,"R"
1057,53.2188,3.8066,33.9981,"D"
1058,53.2397,3.8113,34.0302,"R"
1059,53.2702,3.8183,34.0624,"R"
1060,53.2946,3.8239,34.0946,"R"
1061,53.3103,3.8275,34.1267,"R"
1062,53.3267,3.8312,34.1589,"R"
1063,53.4437,3.858,34.1911,"R"
1064,53.4815,3.8667,34.2232,"R"
1065,53.6518,3.9058,34.2554,"R"
1066,53.6996,3.9167,34.2876,"R"
1067,53.7139,3.92,34.3197,"R"
1068,53.7338,3.9246,34.3519,"R"
1069,53.7462,3.9275,34.384,"R"
1070,53.7842,3.9362,34.4162,"R"
1071,53.791,3.9378,34.4484,"R"
1072,53.8139,3.943,34.4805,"R"
1073,53.8435,3.9499,34.5127,"D"
1074,53.8732,3.9567,34.5449,"R"
1075,53.9156,3.9665,34.577,"R"
1076,53.9471,3.9738,34.6092,"R"
1077,53.9563,3.976,34.6414,"R"
1078,53.9803,3.9815,34.6735,"R"
1079,53.9995,3.986,34.7057,"R"
1080,54.0547,3.9988,34.7379,"R"
1081,54.081,4.0049,34.77,"R"
1082,54.0944,4.008,34.8022,"R"
1083,54.1159,4.0131,34.8344,"R"
1084,54.1351,4.0176,34.8665,"R"
1085,54.1545,4.0221,34.8987,"R"
1086,54.1687,4.0255,34.9308,"R"
1087,54.2136,4.036,34.963,"R"
1088,54.2341,4.0408,34.9952,"R"
1089,54.2711,4.0495,35.0273,"R"
1090,54.2929,4.0547,35.0595,"R"
1091,54.465,4.0953,35.0917,"R"
1092,54.4809,4.099,35.1238,"R"
1093,54.4996,4.1034,35.156,"D"
1094,54.5805,4.1227,35.1882,"R"
1095,54.5964,4.1264,35.2203,"R"
1096,54.6134,4.1305,35.2525,"R"
1097,54.6254,4.1334,35.2847,"R"
1098,54.651,4.1394,35.3168,"R"
1099,54.6589,4.1413,35.349,"R"
1100,54.7022,4.1517,35.3812,"R"
1101,54.8887,4.1963,35.4133,"R"
1102,54.9016,4.1994,35.4455,"R"
1103,54.9201,4.2038,35.4776,"R"
1104,54.9554,4.2123,35.5098,"R"
1105,54.9675,4.2152,35.542,"R"
1106,54.9856,4.2196,35.5741,"D"
1107,55.0265,4.2295,35.6063,"R"
1108,55.0423,4.2333,35.6385,"R"
1109,55.0692,4.2399,35.6706,"R"
1110,55.0886,4.2446,35.7028,"R"
1111,55.1097,4.2497,35.735,"R"
1112,55.1311,4.2549,35.7671,"R"
1113,55.158,4.2615,35.7993,"R"
1114,55.1773,4.2662,35.8315,"R"
1115,55.1964,4.2709,35.8636,"R"
1116,55.2125,4.2749,35.8958,"R"
1117,55.2338,4.2801,35.928,"R"
1118,55.2603,4.2866,35.9601,"R"
1119,55.2738,4.2899,35.9923,"R"
1120,55.4151,4.3247,36.0244,"R"
1121,55.4222,4.3264,36.0566,"R"
1122,55.4427,4.3315,36.0888,"R"
1123,55.4715,4.3386,36.1209,"R"
1124,55.5466,4.3571,36.1531,"R"
1125,55.5682,4.3625,36.1853,"R"
1126,55.5804,4.3655,36.2174,"R"
1127,55.5939,4.3689,36.2496,"R"
1128,55.6145,4.374,36.2818,"D"
1129,55.6325,4.3785,36.3139,"R"
1130,55.64,4.3804,36.3461,"R"
1131,55.6568,4.3846,36.3783,"R"
1132,55.6682,4.3874,36.4104,"D"
1133,55.6876,4.3923,36.4426,"R"
1134,55.7078,4.3974,36.4748,"R"
1135,55.7272,4.4023,36.5069,"R"
1136,55.7474,4.4075,36.5391,"R"
1137,55.7669,4.4124,36.5712,"R"
1138,55.7947,4.4195,36.6034,"R"
1139,55.8022,4.4214,36.6356,"R"
1140,55.8169,4.4251,36.6677,"R"
1141,55.8406,4.4311,36.6999,"D"
1142,55.8629,4.4368,36.7321,"R"
1143,55.8859,4.4427,36.7642,"R"
1144,55.9095,4.4487,36.7964,"R"
1145,55.9233,4.4522,36.8286,"D"
1146,56.014,4.4754,36.8607,"R"
1147,56.0242,4.478,36.8929,"R"
1148,56.0349,4.4808,36.9251,"R"
1149,56.0527,4.4854,36.9572,"R"
1150,56.0736,4.4907,36.9894,"R"
1151,56.1346,4.5064,37.0216,"D"
1152,56.1506,4.5105,37.0537,"R"
1153,56.1753,4.5169,37.0859,"R"
1154,56.1917,4.5212,37.118,"R"
1155,56.213,4.5266,37.1502,"R"
1156,56.2372,4.5329,37.1824,"R"
1157,56.2667,4.5405,37.2145,"R"
1158,56.2857,4.5454,37.2467,"R"
1159,56.3299,4.5569,37.2789,"R"
1160,56.3511,4.5624,37.311,"R"
1161,56.3791,4.5697,37.3432,"R"
1162,56.4205,4.5805,37.3754,"R"
1163,56.4462,4.5872,37.4075,"R"
1164,56.4559,4.5897,37.4397,"R"
1165,56.4698,4.5933,37.4719,"D"
1166,56.4922,4.5992,37.504,"R"
1167,56.5105,4.604,37.5362,"R"
1168,56.5314,4.6095,37.5683,"R"
1169,56.5495,4.6143,37.6005,"R"
1170,56.6408,4.6383,37.6327,"R"
1171,56.6535,4.6417,37.6648,"R"
1172,56.6731,4.6468,37.697,"R"
1173,56.6877,4.6507,37.7292,"R"
1174,56.7148,4.6579,37.7613,"R"
1175,56.7338,4.6629,37.7935,"R"
1176,56.7729,4.6732,37.8257,"R"
1177,56.8362,4.69,37.8578,"D"
1178,56.8632,4.6972,37.89,"R"
1179,56.8824,4.7022,37.9222,"D"
1180,56.902,4.7075,37.9543,"R"
1181,56.9084,4.7092,37.9865,"R"
1182,56.9289,4.7147,38.0187,"R"
1183,56.9417,4.7181,38.0508,"R"
1184,56.9631,4.7238,38.083,"R"
1185,56.9775,4.7277,38.1151,"R"
1186,56.9915,4.7315,38.1473,"R"
1187,57.0001,4.7338,38.1795,"R"
1188,57.0682,4.7522,38.2116,"R"
1189,57.0821,4.7559,38.2438,"D"
1190,57.1163,4.7652,38.276,"D"
1191,57.1299,4.7689,38.3081,"R"
1192,57.144,4.7727,38.3403,"R"
1193,57.1658,4.7786,38.3725,"R"
1194,57.1786,4.782,38.4046,"R"
1195,57.2109,4.7908,38.4368,"R"
1196,57.243,4.7995,38.469,"R"
1197,57.266,4.8058,38.5011,"R"
1198,57.3648,4.8327,38.5333,"R"
1199,57.3874,4.8388,38.5655,"R"
1200,57.402,4.8428,38.5976,"R"
1201,57.4231,4.8485,38.6298,"R"
1202,57.4374,4.8525,38.6619,"R"
1203,57.4544,4.8571,38.6941,"R"
1204,57.4914,4.8672,38.7263,"R"
1205,57.5188,4.8748,38.7584,"R"
1206,57.548,4.8828,38.7906,"R"
1207,57.5647,4.8874,38.8228,"R"
1208,57.5878,4.8937,38.8549,"R"
1209,57.6101,4.8998,38.8871,"R"
1210,57.6303,4.9054,38.9193,"R"
1211,57.6481,4.9103,38.9514,"R"
1212,57.6854,4.9207,38.9836,"R"
1213,57.7053,4.9262,39.0158,"R"
1214,57.7212,4.9306,39.0479,"R"
1215,57.7367,4.9349,39.0801,"R"
1216,57.7687,4.9438,39.1123,"R"
1217,57.7884,4.9493,39.1444,"R"
1218,57.8054,4.954,39.1766,"R"
1219,57.8187,4.9577,39.2087,"D"
1220,57.8309,4.9612,39.2409,"R"
1221,57.8461,4.9654,39.2731,"D"
1222,57.8774,4.9742,39.3052,"R"
1223,57.9119,4.9839,39.3374,"R"
1224,57.9219,4.9868,39.3696,"D"
1225,57.9364,4.9908,39.4017,"R"
1226,57.968,4.9998,39.4339,"R"
1227,57.9931,5.0069,39.4661,"R"
1228,58.012,5.0122,39.4982,"D"
1229,58.0177,5.0138,39.5304,"R"
1230,58.0367,5.0192,39.5626,"R"
1231,58.0566,5.0249,39.5947,"R"
1232,58.0679,5.0281,39.6269,"R"
1233,58.0846,5.0328,39.6591,"R"
1234,58.0921,5.035,39.6912,"R"
1235,58.1273,5.045,39.7234,"R"
1236,58.1465,5.0505,39.7555,"R"
1237,58.1616,5.0549,39.7877,"R"
1238,58.1752,5.0588,39.8199,"R"
1239,58.2057,5.0675,39.852,"R"
1240,58.2502,5.0803,39.8842,"R"
1241,58.2712,5.0864,39.9164,"R"
1242,58.2866,5.0908,39.9485,"R"
1243,58.3048,5.0961,39.9807,"R"
1244,58.3364,5.1052,40.0129,"R"
1245,58.3556,5.1108,40.045,"R"
1246,58.3818,5.1184,40.0772,"R"
1247,58.4059,5.1254,40.1094,"R"
1248,58.4193,5.1293,40.1415,"D"
1249,58.4362,5.1342,40.1737,"R"
1250,58.4775,5.1463,40.2059,"R"
1251,58.5009,5.1532,40.238,"R"
1252,58.5169,5.1579,40.2702,"R"
1253,58.5358,5.1634,40.3023,"R"
1254,58.5527,5.1684,40.3345,"R"
1255,58.5844,5.1777,40.3667,"R"
1256,58.6211,5.1885,40.3988,"R"
1257,58.6398,5.194,40.431,"R"
1258,58.6536,5.198,40.4632,"R"
1259,58.6852,5.2074,40.4953,"D"
1260,58.7108,5.215,40.5275,"R"
1261,58.7347,5.222,40.5597,"R"
1262,58.7745,5.2339,40.5918,"R"
1263,58.792,5.2391,40.624,"R"
1264,58.8213,5.2478,40.6562,"R"
1265,58.8432,5.2544,40.6883,"R"
1266,58.8719,5.2629,40.7205,"R"
1267,58.9137,5.2755,40.7527,"D"
1268,58.9308,5.2806,40.7848,"R"
1269,58.9443,5.2846,40.817,"R"
1270,58.9623,5.29,40.8491,"R"
1271,58.9926,5.2992,40.8813,"R"
1272,59.0285,5.31,40.9135,"R"
1273,59.0468,5.3155,40.9456,"R"
1274,59.0586,5.3191,40.9778,"R"
1275,59.0777,5.3248,41.01,"R"
1276,59.1013,5.332,41.0421,"R"
1277,59.1144,5.336,41.0743,"R"
1278,59.1497,5.3467,41.1065,"R"
1279,59.1564,5.3488,41.1386,"R"
1280,59.1752,5.3545,41.1708,"R"
1281,59.1892,5.3588,41.203,"R"
1282,59.1998,5.362,41.2351,"R"
1283,59.2196,5.3681,41.2673,"R"
1284,59.2397,5.3742,41.2995,"D"
1285,59.2492,5.3771,41.3316,"R"
1286,59.2812,5.3869,41.3638,"R"
1287,59.3096,5.3957,41.3959,"R"
1288,59.3337,5.403,41.4281,"R"
1289,59.4246,5.4309,41.4603,"R"
1290,59.4439,5.4368,41.4924,"R"
1291,59.4735,5.4459,41.5246,"R"
1292,59.5067,5.4561,41.5568,"D"
1293,59.5147,5.4586,41.5889,"R"
1294,59.5297,5.4632,41.6211,"R"
1295,59.5375,5.4656,41.6533,"R"
1296,59.5533,5.4705,41.6854,"R"
1297,59.5703,5.4758,41.7176,"R"
1298,59.5897,5.4818,41.7498,"R"
1299,59.5965,5.4839,41.7819,"R"
1300,59.6077,5.4874,41.8141,"R"
1301,59.6369,5.4964,41.8463,"R"
1302,59.6673,5.5059,41.8784,"R"
1303,59.6864,5.5119,41.9106,"R"
1304,59.7352,5.5271,41.9427,"R"
1305,59.7674,5.5371,41.9749,"R"
1306,59.787,5.5432,42.0071,"R"
1307,59.8007,5.5475,42.0392,"R"
1308,59.811,5.5507,42.0714,"R"
1309,59.828,5.556,42.1036,"R"
1310,59.8849,5.5739,42.1357,"D"
1311,59.8999,5.5786,42.1679,"R"
1312,59.9125,5.5826,42.2001,"R"
1313,59.9273,5.5872,42.2322,"R"
1314,59.9505,5.5945,42.2644,"D"
1315,59.9707,5.6009,42.2966,"R"
1316,59.9913,5.6074,42.3287,"R"
1317,60.0111,5.6136,42.3609,"R"
1318,60.0252,5.6181,42.3931,"R"
1319,60.0469,5.6249,42.4252,"R"
1320,60.0568,5.628,42.4574,"R"
1321,60.0704,5.6323,42.4895,"R"
1322,60.1223,5.6487,42.5217,"R"
1323,60.1336,5.6523,42.5539,"R"
1324,60.1512,5.6579,42.586,"R"
1325,60.1705,5.664,42.6182,"R"
1326,60.1908,5.6705,42.6504,"R"
1327,60.1992,5.6731,42.6825,"R"
1328,60.218,5.6791,42.7147,"R"
1329,60.2882,5.7016,42.7469,"R"
1330,60.3054,5.7071,42.779,"R"
1331,60.3732,5.7287,42.8112,"R"
1332,60.4638,5.7577,42.8434,"R"
1333,60.472,5.7603,42.8755,"R"
1334,60.4999,5.7693,42.9077,"R"
1335,60.5116,5.773,42.9399,"R"
1336,60.5306,5.7791,42.972,"R"
1337,60.5654,5.7903,43.0042,"R"
1338,60.58,5.795,43.0363,"R"
1339,60.5913,5.7987,43.0685,"R"
1340,60.6299,5.8112,43.1007,"R"
1341,60.6506,5.8179,43.1328,"R"
1342,60.6721,5.825,43.165,"R"
1343,60.7308,5.8441,43.1972,"R"
1344,60.7374,5.8463,43.2293,"R"
1345,60.7495,5.8503,43.2615,"R"
1346,60.7663,5.8558,43.2937,"R"
1347,60.7861,5.8622,43.3258,"R"
1348,60.8178,5.8727,43.358,"R"
1349,60.8545,5.8847,43.3902,"R"
1350,60.8664,5.8886,43.4223,"R"
1351,60.8744,5.8912,43.4545,"R"
1352,60.8848,5.8947,43.4867,"R"
1353,60.897,5.8987,43.5188,"R"
1354,60.9087,5.9025,43.551,"R"
1355,60.9183,5.9057,43.5831,"R"
1356,60.9416,5.9135,43.6153,"R"
1357,60.9684,5.9224,43.6475,"R"
1358,60.9865,5.9284,43.6796,"D"
1359,60.9982,5.9323,43.7118,"D"
1360,61.0098,5.9362,43.744,"R"
1361,61.0244,5.941,43.7761,"R"
1362,61.0601,5.953,43.8083,"R"
1363,61.0784,5.9591,43.8405,"R"
1364,61.1991,5.9996,43.8726,"D"
1365,61.2464,6.0155,43.9048,"R"
1366,61.266,6.0221,43.937,"R"
1367,61.281,6.0271,43.9691,"R"
1368,61.2984,6.033,44.0013,"R"
1369,61.3308,6.0439,44.0335,"R"
1370,61.3392,6.0468,44.0656,"R"
1371,61.3533,6.0515,44.0978,"R"
1372,61.3692,6.0569,44.1299,"R"
1373,61.3885,6.0635,44.1621,"R"
1374,61.4007,6.0676,44.1943,"R"
1375,61.4222,6.0749,44.2264,"R"
1376,61.4338,6.0789,44.2586,"R"
1377,61.4474,6.0835,44.2908,"R"
1378,61.4572,6.0869,44.3229,"R"
1379,61.4698,6.0912,44.3551,"R"
1380,61.4833,6.0958,44.3873,"R"
1381,61.495,6.0998,44.4194,"R"
1382,61.51,6.105,44.4516,"R"
1383,61.529,6.1115,44.4838,"R"
1384,61.5453,6.1171,44.5159,"R"
1385,61.5638,6.1235,44.5481,"R"
1386,61.5905,6.1327,44.5803,"R"
1387,61.6017,6.1366,44.6124,"R"
1388,61.6336,6.1476,44.6446,"R"
1389,61.6449,6.1515,44.6767,"R"
1390,61.6566,6.1556,44.7089,"R"
1391,61.6947,6.1688,44.7411,"R"
1392,61.7188,6.1771,44.7732,"R"
1393,61.7342,6.1824,44.8054,"R"
1394,61.7534,6.1891,44.8376,"R"
1395,61.7665,6.1937,44.8697,"R"
1396,61.7878,6.2011,44.9019,"R"
1397,61.8131,6.21,44.9341,"R"
1398,61.8311,6.2163,44.9662,"R"
1399,61.857,6.2254,44.9984,"R"
1400,61.8625,6.2273,45.0306,"R"
1401,61.8919,6.2376,45.0627,"R"
1402,61.9115,6.2445,45.0949,"R"
1403,61.9322,6.2519,45.1271,"R"
1404,61.9633,6.2628,45.1592,"R"
1405,61.9719,6.2658,45.1914,"R"
1406,62.0078,6.2785,45.2235,"R"
1407,62.0329,6.2874,45.2557,"R"
1408,62.1142,6.3163,45.2879,"R"
1409,62.1292,6.3216,45.32,"R"
1410,62.1396,6.3253,45.3522,"R"
1411,62.4144,6.4231,45.3844,"R"
1412,62.4325,6.4295,45.4165,"R"
1413,62.4617,6.4399,45.4487,"R"
1414,62.4751,6.4447,45.4809,"R"
1415,62.5418,6.4685,45.513,"R"
1416,62.5594,6.4748,45.5452,"R"
1417,62.5958,6.4878,45.5774,"R"
1418,62.6059,6.4914,45.6095,"R"
1419,62.6197,6.4963,45.6417,"R"
1420,62.6396,6.5034,45.6739,"R"
1421,62.6664,6.513,45.706,"R"
1422,62.6815,6.5185,45.7382,"R"
1423,62.693,6.5226,45.7703,"R"
1424,62.7168,6.5312,45.8025,"R"
1425,62.7352,6.5377,45.8347,"R"
1426,62.7748,6.552,45.8668,"R"
1427,62.8196,6.5681,45.899,"R"
1428,62.8366,6.5742,45.9312,"R"
1429,62.8559,6.5812,45.9633,"R"
1430,62.8698,6.5862,45.9955,"D"
1431,62.8995,6.5969,46.0277,"R"
1432,62.9143,6.6023,46.0598,"R"
1433,62.9239,6.6058,46.092,"R"
1434,62.9429,6.6127,46.1242,"R"
1435,62.9719,6.6232,46.1563,"R"
1436,62.9867,6.6286,46.1885,"R"
1437,62.9946,6.6314,46.2206,"R"
1438,63.2059,6.7083,46.2528,"D"
1439,63.2207,6.7137,46.285,"R"
1440,63.2402,6.7208,46.3171,"R"
1441,63.2492,6.724,46.3493,"R"
1442,63.2762,6.7339,46.3815,"R"
1443,63.2962,6.7412,46.4136,"R"
1444,63.3221,6.7507,46.4458,"R"
1445,63.3569,6.7635,46.478,"R"
1446,63.3652,6.7665,46.5101,"R"
1447,63.3719,6.769,46.5423,"R"
1448,63.4103,6.7831,46.5745,"R"
1449,63.4361,6.7926,46.6066,"D"
1450,63.4516,6.7983,46.6388,"R"
1451,63.4857,6.8109,46.671,"R"
1452,63.5051,6.818,46.7031,"R"
1453,63.5206,6.8237,46.7353,"R"
1454,63.5399,6.8308,46.7674,"R"
1455,63.5614,6.8387,46.7996,"R"
1456,63.5832,6.8468,46.8318,"R"
1457,63.6482,6.8708,46.8639,"R"
1458,63.6549,6.8733,46.8961,"R"
1459,63.6711,6.8793,46.9283,"R"
1460,63.6907,6.8865,46.9604,"R"
1461,63.7125,6.8946,46.9926,"R"
1462,63.72,6.8974,47.0248,"R"
1463,63.7641,6.9138,47.0569,"D"
1464,63.7937,6.9247,47.0891,"R"
1465,63.8218,6.9352,47.1213,"R"
1466,63.8353,6.9402,47.1534,"R"
1467,63.8503,6.9458,47.1856,"R"
1468,63.8597,6.9493,47.2178,"R"
1469,63.871,6.9536,47.2499,"R"
1470,63.8943,6.9623,47.2821,"R"
1471,63.9586,6.9864,47.3142,"R"
1472,63.9779,6.9937,47.3464,"R"
1473,63.9981,7.0013,47.3786,"R"
1474,64.0278,7.0125,47.4107,"R"
1475,64.0635,7.0259,47.4429,"R"
1476,64.0786,7.0316,47.4751,"R"
1477,64.0858,7.0343,47.5072,"R"
1478,64.1027,7.0407,47.5394,"R"
1479,64.1497,7.0584,47.5716,"D"
1480,64.1803,7.07,47.6037,"R"
1481,64.294,7.1132,47.6359,"R"
1482,64.3109,7.1196,47.6681,"R"
1483,64.3219,7.1238,47.7002,"R"
1484,64.3434,7.132,47.7324,"R"
1485,64.3776,7.145,47.7646,"R"
1486,64.4003,7.1536,47.7967,"R"
1487,64.4211,7.1616,47.8289,"R"
1488,64.4351,7.1669,47.861,"R"
1489,64.4504,7.1728,47.8932,"R"
1490,64.4706,7.1806,47.9254,"R"
1491,64.4866,7.1867,47.9575,"R"
1492,64.5016,7.1925,47.9897,"R"
1493,64.5196,7.1995,48.0219,"R"
1494,64.533,7.2047,48.054,"R"
1495,64.5473,7.2102,48.0862,"R"
1496,64.5591,7.2148,48.1184,"R"
1497,64.5849,7.2247,48.1505,"R"
1498,64.6788,7.2611,48.1827,"R"
1499,64.6978,7.2684,48.2149,"R"
1500,64.7119,7.2739,48.247,"R"
1501,64.7364,7.2834,48.2792,"D"
1502,64.7564,7.2911,48.3114,"R"
1503,64.7773,7.2993,48.3435,"R"
1504,64.8104,7.3121,48.3757,"R"
1505,64.8251,7.3179,48.4078,"R"
1506,64.8415,7.3242,48.44,"R"
1507,64.8657,7.3337,48.4722,"R"
1508,64.8805,7.3394,48.5043,"R"
1509,65.0258,7.3963,48.5365,"R"
1510,65.0451,7.4038,48.5687,"R"
1511,65.0701,7.4136,48.6008,"R"
1512,65.0807,7.4178,48.633,"R"
1513,65.1043,7.4271,48.6652,"R"
1514,65.1183,7.4326,48.6973,"R"
1515,65.1359,7.4396,48.7295,"R"
1516,65.1428,7.4423,48.7617,"R"
1517,65.1786,7.4564,48.7938,"R"
1518,65.1978,7.464,48.826,"R"
1519,65.2158,7.4712,48.8582,"R"
1520,65.2362,7.4792,48.8903,"R"
1521,65.2675,7.4916,48.9225,"R"
1522,65.2865,7.4991,48.9546,"R"
1523,65.3051,7.5065,48.9868,"R"
1524,65.3529,7.5254,49.019,"R"
1525,65.3625,7.5293,49.0511,"R"
1526,65.3728,7.5334,49.0833,"R"
1527,65.3882,7.5395,49.1155,"R"
1528,65.3936,7.5416,49.1476,"R"
1529,65.412,7.549,49.1798,"R"
1530,65.4249,7.5541,49.212,"R"
1531,65.4484,7.5635,49.2441,"R"
1532,65.4665,7.5708,49.2763,"R"
1533,65.4794,7.5759,49.3085,"R"
1534,65.5365,7.5989,49.3406,"D"
1535,65.5526,7.6053,49.3728,"R"
1536,65.5673,7.6112,49.405,"R"
1537,65.5936,7.6218,49.4371,"R"
1538,65.6086,7.6278,49.4693,"R"
1539,65.6366,7.639,49.5014,"R"
1540,65.6554,7.6466,49.5336,"R"
1541,65.6821,7.6573,49.5658,"R"
1542,65.7065,7.6672,49.5979,"R"
1543,65.7366,7.6793,49.6301,"R"
1544,65.7791,7.6964,49.6623,"R"
1545,65.7886,7.7003,49.6944,"R"
1546,65.8016,7.7055,49.7266,"R"
1547,65.8211,7.7134,49.7588,"R"
1548,65.8472,7.724,49.7909,"R"
1549,65.8703,7.7334,49.8231,"R"
1550,65.8858,7.7397,49.8553,"R"
1551,65.9117,7.7502,49.8874,"R"
1552,65.9279,7.7569,49.9196,"D"
1553,65.938,7.761,49.9518,"R"
1554,66.0635,7.8123,49.9839,"D"
1555,66.106,7.8298,50.0161,"R"
1556,66.116,7.8339,50.0482,"R"
1557,66.1399,7.8437,50.0804,"R"
1558,66.1693,7.8558,50.1126,"R"
1559,66.1911,7.8647,50.1447,"R"
1560,66.2135,7.874,50.1769,"R"
1561,66.2337,7.8823,50.2091,"R"
1562,66.248,7.8882,50.2412,"R"
1563,66.2678,7.8964,50.2734,"R"
1564,66.329,7.9217,50.3056,"D"
1565,66.3438,7.9279,50.3377,"R"
1566,66.356,7.9329,50.3699,"R"
1567,66.3695,7.9385,50.4021,"R"
1568,66.3807,7.9431,50.4342,"R"
1569,66.3947,7.9489,50.4664,"R"
1570,66.4433,7.9691,50.4986,"R"
1571,66.4487,7.9714,50.5307,"R"
1572,66.4685,7.9796,50.5629,"R"
1573,66.5225,8.0022,50.595,"R"
1574,66.5419,8.0103,50.6272,"R"
1575,66.5504,8.0139,50.6594,"R"
1576,66.5744,8.024,50.6915,"R"
1577,66.5809,8.0267,50.7237,"R"
1578,66.598,8.0339,50.7559,"R"
1579,66.6086,8.0384,50.788,"R"
1580,66.6451,8.0539,50.8202,"R"
1581,66.6699,8.0643,50.8524,"R"
1582,66.7078,8.0803,50.8845,"R"
1583,66.7354,8.092,50.9167,"R"
1584,66.7508,8.0985,50.9489,"R"
1585,66.7654,8.1048,50.981,"R"
1586,66.7914,8.1158,51.0132,"R"
1587,66.8115,8.1243,51.0454,"R"
1588,66.8335,8.1336,51.0775,"R"
1589,66.8528,8.1419,51.1097,"R"
1590,66.8748,8.1512,51.1418,"R"
1591,66.8993,8.1616,51.174,"R"
1592,66.92,8.1704,51.2062,"R"
1593,66.9339,8.1764,51.2383,"D"
1594,67.0627,8.2315,51.2705,"D"
1595,67.0764,8.2374,51.3027,"R"
1596,67.1141,8.2536,51.3348,"R"
1597,67.1282,8.2596,51.367,"R"
1598,67.1765,8.2805,51.3992,"R"
1599,67.1956,8.2887,51.4313,"R"
1600,67.2046,8.2926,51.4635,"R"
1601,67.2305,8.3038,51.4957,"R"
1602,67.251,8.3126,51.5278,"R"
1603,67.2668,8.3194,51.56,"R"
1604,67.3205,8.3428,51.5922,"D"
1605,67.3397,8.3512,51.6243,"R"
1606,67.3794,8.3684,51.6565,"R"
1607,67.3923,8.3741,51.6886,"R"
1608,67.411,8.3822,51.7208,"R"
1609,67.4393,8.3946,51.753,"R"
1610,67.4539,8.401,51.7851,"R"
1611,67.4895,8.4166,51.8173,"R"
1612,67.5015,8.4219,51.8495,"R"
1613,67.5445,8.4408,51.8816,"R"
1614,67.5608,8.448,51.9138,"R"
1615,67.5796,8.4562,51.946,"R"
1616,67.6168,8.4727,51.9781,"R"
1617,67.641,8.4834,52.0103,"R"
1618,67.6622,8.4927,52.0425,"R"
1619,67.6892,8.5048,52.0746,"R"
1620,67.725,8.5207,52.1068,"R"
1621,67.7446,8.5294,52.139,"R"
1622,67.7674,8.5396,52.1711,"R"
1623,67.7764,8.5436,52.2033,"R"
1624,67.7917,8.5504,52.2354,"R"
1625,67.8108,8.559,52.2676,"R"
1626,67.8253,8.5655,52.2998,"D"
1627,67.9531,8.6227,52.3319,"R"
1628,67.9693,8.63,52.3641,"R"
1629,67.9921,8.6402,52.3963,"R"
1630,68.0064,8.6466,52.4284,"R"
1631,68.0306,8.6575,52.4606,"R"
1632,68.0482,8.6654,52.4928,"R"
1633,68.0544,8.6682,52.5249,"R"
1634,68.0768,8.6783,52.5571,"R"
1635,68.0915,8.685,52.5893,"R"
1636,68.1202,8.6979,52.6214,"R"
1637,68.1436,8.7085,52.6536,"R"
1638,68.1732,8.7219,52.6858,"R"
1639,68.2031,8.7355,52.7179,"R"
1640,68.227,8.7463,52.7501,"R"
1641,68.2577,8.7603,52.7822,"R"
1642,68.2707,8.7662,52.8144,"R"
1643,68.2961,8.7777,52.8466,"R"
1644,68.3148,8.7862,52.8787,"R"
1645,68.3219,8.7895,52.9109,"R"
1646,68.3532,8.8037,52.9431,"R"
1647,68.3739,8.8131,52.9752,"R"
1648,68.3898,8.8204,53.0074,"R"
1649,68.4176,8.8331,53.0396,"R"
1650,68.4263,8.8371,53.0717,"R"
1651,68.444,8.8451,53.1039,"D"
1652,68.4828,8.8629,53.1361,"R"
1653,68.4998,8.8706,53.1682,"R"
1654,68.5151,8.8777,53.2004,"R"
1655,68.5265,8.8829,53.2326,"R"
1656,68.5327,8.8857,53.2647,"D"
1657,68.5534,8.8952,53.2969,"D"
1658,68.5718,8.9037,53.329,"R"
1659,68.601,8.9171,53.3612,"R"
1660,68.6228,8.9272,53.3934,"R"
1661,68.643,8.9365,53.4255,"R"
1662,68.6555,8.9423,53.4577,"R"
1663,68.663,8.9458,53.4899,"R"
1664,68.6804,8.9538,53.522,"R"
1665,68.7024,8.964,53.5542,"R"
1666,68.7193,8.9719,53.5864,"R"
1667,68.7503,8.9864,53.6185,"R"
1668,68.7829,9.0016,53.6507,"R"
1669,68.7975,9.0085,53.6829,"R"
1670,68.812,9.0153,53.715,"R"
1671,68.8264,9.022,53.7472,"R"
1672,68.8371,9.027,53.7794,"R"
1673,68.8698,9.0425,53.8115,"R"
1674,68.8762,9.0455,53.8437,"R"
1675,68.8888,9.0515,53.8758,"R"
1676,68.9137,9.0633,53.908,"R"
1677,68.9303,9.0711,53.9402,"R"
1678,68.9563,9.0835,53.9723,"R"
1679,68.9737,9.0917,54.0045,"R"
1680,68.998,9.1033,54.0367,"D"
1681,69.0275,9.1173,54.0688,"D"
1682,69.047,9.1266,54.101,"R"
1683,69.0536,9.1298,54.1332,"R"
1684,69.0745,9.1398,54.1653,"R"
1685,69.0965,9.1503,54.1975,"D"
1686,69.1051,9.1544,54.2297,"R"
1687,69.1144,9.1589,54.2618,"R"
1688,69.1259,9.1643,54.294,"R"
1689,69.1491,9.1755,54.3261,"D"
1690,69.1706,9.1858,54.3583,"R"
1691,69.1831,9.1918,54.3905,"R"
1692,69.2168,9.2081,54.4226,"R"
1693,69.2309,9.2149,54.4548,"R"
1694,69.2472,9.2228,54.487,"D"
1695,69.2595,9.2288,54.5191,"R"
1696,69.3015,9.2492,54.5513,"R"
1697,69.3152,9.2559,54.5835,"R"
1698,69.3875,9.2911,54.6156,"R"
1699,69.4004,9.2974,54.6478,"R"
1700,69.4215,9.3077,54.68,"R"
1701,69.4368,9.3152,54.7121,"R"
1702,69.5518,9.3716,54.7443,"R"
1703,69.582,9.3864,54.7765,"R"
1704,69.6011,9.3958,54.8086,"R"
1705,69.6141,9.4022,54.8408,"R"
1706,69.6185,9.4044,54.8729,"R"
1707,69.653,9.4214,54.9051,"R"
1708,69.6677,9.4286,54.9373,"R"
1709,69.705,9.4471,54.9694,"R"
1710,69.7332,9.461,55.0016,"R"
1711,69.7509,9.4698,55.0338,"R"
1712,69.7702,9.4793,55.0659,"R"
1713,69.7784,9.4834,55.0981,"R"
1714,69.7982,9.4933,55.1303,"R"
1715,69.8217,9.505,55.1624,"R"
1716,69.8522,9.5202,55.1946,"R"
1717,69.8678,9.528,55.2268,"D"
1718,69.8768,9.5325,55.2589,"R"
1719,69.8889,9.5385,55.2911,"R"
1720,69.9099,9.5491,55.3233,"R"
1721,69.9234,9.5558,55.3554,"R"
1722,69.9355,9.5619,55.3876,"R"
1723,69.9567,9.5726,55.4197,"R"
1724,69.9651,9.5769,55.4519,"R"
1725,69.9733,9.581,55.4841,"R"
1726,70.0035,9.5963,55.5162,"R"
1727,70.0916,9.641,55.5484,"D"
1728,70.1359,9.6634,55.5806,"R"
1729,70.1581,9.6747,55.6127,"R"
1730,70.1689,9.6802,55.6449,"R"
1731,70.1883,9.6901,55.6771,"R"
1732,70.1999,9.696,55.7092,"R"
1733,70.224,9.7083,55.7414,"R"
1734,70.2394,9.7162,55.7736,"R"
1735,70.2491,9.7211,55.8057,"R"
1736,70.2636,9.7286,55.8379,"R"
1737,70.2932,9.7438,55.8701,"R"
1738,70.3125,9.7537,55.9022,"R"
1739,70.3267,9.761,55.9344,"R"
1740,70.3467,9.7714,55.9665,"R"
1741,70.3663,9.7815,55.9987,"R"
1742,70.3854,9.7914,56.0309,"R"
1743,70.4037,9.8009,56.063,"R"
1744,70.4088,9.8035,56.0952,"D"
1745,70.4293,9.8142,56.1274,"R"
1746,70.4585,9.8293,56.1595,"R"
1747,70.4652,9.8328,56.1917,"R"
1748,70.477,9.8389,56.2239,"R"
1749,70.4936,9.8476,56.256,"R"
1750,70.5256,9.8643,56.2882,"R"
1751,70.5455,9.8746,56.3204,"R"
1752,70.6581,9.9336,56.3525,"R"
1753,70.6861,9.9484,56.3847,"D"
1754,70.7253,9.9689,56.4169,"R"
1755,70.7448,9.9792,56.449,"R"
1756,70.7549,9.9845,56.4812,"R"
1757,70.7937,10.0049,56.5133,"R"
1758,70.8066,10.0117,56.5455,"R"
1759,70.8344,10.0264,56.5777,"R"
1760,70.8545,10.0369,56.6098,"R"
1761,70.8711,10.0457,56.642,"D"
1762,70.9299,10.0767,56.6742,"D"
1763,71.0176,10.1231,56.7063,"D"
1764,71.037,10.1333,56.7385,"R"
1765,71.0583,10.1446,56.7707,"R"
1766,71.0699,10.1507,56.8028,"R"
1767,71.0856,10.159,56.835,"R"
1768,71.1015,10.1675,56.8672,"R"
1769,71.1262,10.1806,56.8993,"R"
1770,71.1368,10.1862,56.9315,"R"
1771,71.155,10.1958,56.9637,"R"
1772,71.1749,10.2064,56.9958,"R"
1773,71.1868,10.2127,57.028,"R"
1774,71.1988,10.2191,57.0601,"R"
1775,71.2215,10.2312,57.0923,"R"
1776,71.2445,10.2435,57.1245,"R"
1777,71.2525,10.2477,57.1566,"R"
1778,71.2613,10.2524,57.1888,"R"
1779,71.2783,10.2615,57.221,"R"
1780,71.2953,10.2706,57.2531,"R"
1781,71.3081,10.2775,57.2853,"R"
1782,71.3303,10.2894,57.3175,"R"
1783,71.3441,10.2969,57.3496,"R"
1784,71.359,10.3049,57.3818,"R"
1785,71.371,10.3114,57.414,"D"
1786,71.3797,10.316,57.4461,"R"
1787,71.4139,10.3345,57.4783,"R"
1788,71.4297,10.343,57.5105,"R"
1789,71.4539,10.3562,57.5426,"R"
1790,71.4677,10.3636,57.5748,"R"
1791,71.486,10.3736,57.6069,"R"
1792,71.5009,10.3816,57.6391,"R"
1793,71.5106,10.3869,57.6713,"R"
1794,71.5295,10.3971,57.7034,"R"
1795,71.5484,10.4074,57.7356,"R"
1796,71.5527,10.4098,57.7678,"R"
1797,71.5803,10.4248,57.7999,"R"
1798,71.5876,10.4287,57.8321,"R"
1799,71.5956,10.4331,57.8643,"R"
1800,71.613,10.4426,57.8964,"R"
1801,71.6335,10.4538,57.9286,"D"
1802,71.6653,10.4711,57.9608,"R"
1803,71.8285,10.5603,57.9929,"R"
1804,71.841,10.5671,58.0251,"R"
1805,71.8578,10.5763,58.0573,"R"
1806,71.8771,10.5869,58.0894,"R"
1807,71.8956,10.597,58.1216,"R"
1808,71.9237,10.6124,58.1537,"R"
1809,71.9574,10.6308,58.1859,"R"
1810,71.9718,10.6387,58.2181,"R"
1811,71.9781,10.6422,58.2502,"R"
1812,71.9966,10.6524,58.2824,"R"
1813,72.0305,10.6711,58.3146,"R"
1814,72.054,10.684,58.3467,"R"
1815,72.0677,10.6916,58.3789,"R"
1816,72.0905,10.7042,58.4111,"R"
1817,72.1164,10.7185,58.4432,"D"
1818,72.1242,10.7228,58.4754,"R"
1819,72.1455,10.7347,58.5076,"R"
1820,72.1615,10.7436,58.5397,"R"
1821,72.1799,10.7538,58.5719,"R"
1822,72.1849,10.7566,58.6041,"R"
1823,72.2049,10.7677,58.6362,"R"
1824,72.2237,10.7782,58.6684,"R"
1825,72.2352,10.7846,58.7005,"R"
1826,72.2466,10.7909,58.7327,"R"
1827,72.2735,10.806,58.7649,"R"
1828,72.2926,10.8167,58.797,"R"
1829,72.3119,10.8275,58.8292,"R"
1830,72.323,10.8338,58.8614,"R"
1831,72.3405,10.8436,58.8935,"R"
1832,72.3678,10.859,58.9257,"R"
1833,72.4232,10.8902,58.9579,"R"
1834,72.4426,10.9011,58.99,"R"
1835,72.4569,10.9092,59.0222,"R"
1836,72.4727,10.9181,59.0544,"R"
1837,72.4864,10.9259,59.0865,"R"
1838,72.4968,10.9317,59.1187,"R"
1839,72.5083,10.9383,59.1509,"R"
1840,72.5212,10.9456,59.183,"R"
1841,72.5486,10.9612,59.2152,"R"
1842,72.5836,10.9811,59.2473,"R"
1843,72.6306,11.0079,59.2795,"R"
1844,72.6938,11.0439,59.3117,"R"
1845,72.712,11.0543,59.3438,"R"
1846,72.7452,11.0733,59.376,"D"
1847,72.7647,11.0844,59.4082,"R"
1848,72.7737,11.0896,59.4403,"R"
1849,72.7797,11.0931,59.4725,"R"
1850,72.7904,11.0992,59.5047,"R"
1851,72.8178,11.115,59.5368,"R"
1852,72.8693,11.1447,59.569,"R"
1853,72.9013,11.1632,59.6012,"R"
1854,72.9207,11.1743,59.6333,"R"
1855,72.9299,11.1797,59.6655,"R"
1856,72.9527,11.1929,59.6977,"D"
1857,72.9679,11.2017,59.7298,"R"
1858,72.9873,11.213,59.762,"R"
1859,73.0165,11.2299,59.7941,"R"
1860,73.0281,11.2367,59.8263,"R"
1861,73.0422,11.2448,59.8585,"R"
1862,73.0665,11.2589,59.8906,"R"
1863,73.0812,11.2675,59.9228,"R"
1864,73.1019,11.2796,59.955,"R"
1865,73.1307,11.2963,59.9871,"R"
1866,73.1585,11.3126,60.0193,"R"
1867,73.1772,11.3235,60.0515,"R"
1868,73.1895,11.3306,60.0836,"R"
1869,73.21,11.3426,60.1158,"R"
1870,73.2991,11.3946,60.148,"R"
1871,73.3765,11.4401,60.1801,"R"
1872,73.3853,11.4452,60.2123,"R"
1873,73.4128,11.4614,60.2445,"R"
1874,73.4394,11.477,60.2766,"R"
1875,73.4585,11.4883,60.3088,"R"
1876,73.4768,11.4991,60.3409,"R"
1877,73.4905,11.5071,60.3731,"R"
1878,73.509,11.5181,60.4053,"R"
1879,73.5208,11.5251,60.4374,"R"
1880,73.545,11.5394,60.4696,"R"
1881,73.576,11.5578,60.5018,"R"
1882,73.593,11.5679,60.5339,"R"
1883,73.5985,11.5713,60.5661,"R"
1884,73.6161,11.5817,60.5983,"R"
1885,73.6245,11.5867,60.6304,"R"
1886,73.642,11.5972,60.6626,"R"
1887,73.6591,11.6074,60.6948,"R"
1888,73.6694,11.6135,60.7269,"R"
1889,73.6868,11.6239,60.7591,"R"
1890,73.7229,11.6455,60.7913,"R"
1891,73.7408,11.6562,60.8234,"R"
1892,73.7541,11.6641,60.8556,"R"
1893,73.7894,11.6853,60.8877,"D"
1894,73.8032,11.6935,60.9199,"R"
1895,73.8231,11.7055,60.9521,"R"
1896,73.8401,11.7157,60.9842,"R"
1897,73.8529,11.7234,61.0164,"R"
1898,73.8637,11.7299,61.0486,"R"
1899,73.8767,11.7377,61.0807,"R"
1900,73.881,11.7403,61.1129,"R"
1901,73.8958,11.7492,61.1451,"R"
1902,73.9114,11.7586,61.1772,"D"
1903,73.918,11.7626,61.2094,"R"
1904,73.9294,11.7696,61.2416,"R"
1905,73.9419,11.7772,61.2737,"R"
1906,73.9971,11.8107,61.3059,"R"
1907,74.009,11.8179,61.3381,"R"
1908,74.0228,11.8263,61.3702,"R"
1909,74.0437,11.8391,61.4024,"R"
1910,74.0799,11.8613,61.4345,"R"
1911,74.0936,11.8698,61.4667,"R"
1912,74.1237,11.8883,61.4989,"R"
1913,74.1327,11.8938,61.531,"R"
1914,74.1593,11.9102,61.5632,"D"
1915,74.1826,11.9246,61.5954,"R"
1916,74.2108,11.942,61.6275,"R"
1917,74.2351,11.957,61.6597,"R"
1918,74.2504,11.9665,61.6919,"R"
1919,74.2647,11.9753,61.724,"R"
1920,74.2779,11.9835,61.7562,"R"
1921,74.303,11.9991,61.7884,"R"
1922,74.3225,12.0112,61.8205,"R"
1923,74.3376,12.0206,61.8527,"R"
1924,74.3641,12.0371,61.8849,"R"
1925,74.3767,12.0449,61.917,"R"
1926,74.3984,12.0585,61.9492,"D"
1927,74.4149,12.0688,61.9813,"R"
1928,74.4221,12.0733,62.0135,"D"
1929,74.4298,12.0781,62.0457,"R"
1930,74.4461,12.0883,62.0778,"R"
1931,74.4661,12.1009,62.11,"R"
1932,74.5239,12.1371,62.1422,"D"
1933,74.541,12.1478,62.1743,"R"
1934,74.5714,12.167,62.2065,"R"
1935,74.5812,12.1732,62.2387,"R"
1936,74.6133,12.1935,62.2708,"R"
1937,74.6215,12.1986,62.303,"R"
1938,74.642,12.2116,62.3352,"R"
1939,74.689,12.2415,62.3673,"R"
1940,74.712,12.2561,62.3995,"R"
1941,74.7323,12.269,62.4317,"R"
1942,74.7436,12.2762,62.4638,"R"
1943,74.7567,12.2846,62.496,"R"
1944,74.7812,12.3003,62.5281,"D"
1945,74.8097,12.3187,62.5603,"R"
1946,74.8244,12.3282,62.5925,"R"
1947,74.8618,12.3523,62.6246,"D"
1948,74.8797,12.3638,62.6568,"R"
1949,74.8918,12.3717,62.689,"R"
1950,74.9118,12.3846,62.7211,"R"
1951,74.9534,12.4116,62.7533,"R"
1952,74.9691,12.4217,62.7855,"R"
1953,74.9837,12.4312,62.8176,"R"
1954,74.9941,12.4379,62.8498,"R"
1955,75.0179,12.4534,62.882,"R"
1956,75.0318,12.4625,62.9141,"R"
1957,75.0623,12.4824,62.9463,"R"
1958,75.088,12.4991,62.9784,"R"
1959,75.0984,12.5059,63.0106,"R"
1960,75.1161,12.5174,63.0428,"R"
1961,75.1408,12.5336,63.0749,"D"
1962,75.1657,12.5499,63.1071,"R"
1963,75.1788,12.5585,63.1393,"R"
1964,75.2217,12.5867,63.1714,"R"
1965,75.2452,12.6022,63.2036,"R"
1966,75.2724,12.6201,63.2358,"R"
1967,75.2866,12.6295,63.2679,"R"
1968,75.3056,12.642,63.3001,"R"
1969,75.3217,12.6526,63.3323,"R"
1970,75.3414,12.6657,63.3644,"R"
1971,75.6166,12.848,63.3966,"R"
1972,75.6357,12.8606,63.4288,"R"
1973,75.6497,12.8699,63.4609,"R"
1974,75.6603,12.8769,63.4931,"R"
1975,75.673,12.8854,63.5252,"R"
1976,75.7058,12.9072,63.5574,"D"
1977,75.7206,12.917,63.5896,"R"
1978,75.7369,12.9279,63.6217,"R"
1979,75.765,12.9467,63.6539,"R"
1980,75.7934,12.9657,63.6861,"R"
1981,75.8285,12.9893,63.7182,"R"
1982,75.8477,13.0022,63.7504,"R"
1983,75.8665,13.0149,63.7826,"R"
1984,75.8759,13.0213,63.8147,"R"
1985,75.9136,13.0468,63.8469,"R"
1986,75.9269,13.0558,63.8791,"R"
1987,76.0077,13.1107,63.9112,"R"
1988,76.0292,13.1253,63.9434,"R"
1989,76.0377,13.1311,63.9756,"R"
1990,76.0685,13.1521,64.0077,"R"
1991,76.1013,13.1744,64.0399,"R"
1992,76.14,13.2009,64.072,"R"
1993,76.1561,13.2119,64.1042,"R"
1994,76.1782,13.2271,64.1364,"R"
1995,76.1811,13.2291,64.1685,"R"
1996,76.2126,13.2509,64.2007,"D"
1997,76.2312,13.2638,64.2329,"R"
1998,76.2453,13.2735,64.265,"R"
1999,76.2611,13.2845,64.2972,"R"
2000,76.2815,13.2987,64.3294,"R"
2001,76.2963,13.3089,64.3615,"R"
2002,76.3036,13.314,64.3937,"R"
2003,76.3141,13.3214,64.4259,"R"
2004,76.328,13.331,64.458,"R"
2005,76.3546,13.3496,64.4902,"R"
2006,76.3733,13.3627,64.5224,"R"
2007,76.3906,13.3748,64.5545,"R"
2008,76.4073,13.3866,64.5867,"R"
2009,76.4189,13.3947,64.6188,"R"
2010,76.4517,13.4178,64.651,"R"
2011,76.4677,13.4291,64.6832,"R"
2012,76.4766,13.4354,64.7153,"R"
2013,76.498,13.4506,64.7475,"R"
2014,76.517,13.4642,64.7797,"R"
2015,76.546,13.4849,64.8118,"R"
2016,76.5694,13.5016,64.844,"R"
2017,76.5895,13.516,64.8762,"R"
2018,76.6022,13.525,64.9083,"R"
2019,76.6337,13.5476,64.9405,"R"
2020,76.6662,13.571,64.9727,"R"
2021,76.6855,13.5849,65.0048,"R"
2022,76.6894,13.5877,65.037,"R"
2023,77.3683,14.0765,65.0692,"R"
2024,77.3762,14.0823,65.1013,"R"
2025,77.3951,14.0959,65.1335,"R"
2026,77.4139,14.1095,65.1656,"R"
2027,77.4255,14.118,65.1978,"R"
2028,77.4453,14.1323,65.23,"D"
2029,77.4709,14.151,65.2621,"R"
2030,77.4976,14.1705,65.2943,"R"
2031,77.516,14.1839,65.3265,"R"
2032,77.5295,14.1937,65.3586,"R"
2033,77.5434,14.2039,65.3908,"R"
2034,77.5568,14.2137,65.423,"R"
2035,77.5786,14.2297,65.4551,"R"
2036,77.5911,14.2389,65.4873,"R"
2037,77.6252,14.2639,65.5195,"R"
2038,77.6396,14.2745,65.5516,"R"
2039,77.6669,14.2946,65.5838,"R"
2040,77.6866,14.3091,65.616,"D"
2041,77.723,14.3359,65.6481,"R"
2042,77.7347,14.3446,65.6803,"R"
2043,77.761,14.364,65.7124,"R"
2044,77.7842,14.3811,65.7446,"R"
2045,77.8001,14.3929,65.7768,"R"
2046,77.8153,14.4041,65.8089,"R"
2047,77.8237,14.4103,65.8411,"R"
2048,77.8412,14.4233,65.8733,"R"
2049,77.8564,14.4347,65.9054,"R"
2050,77.8642,14.4405,65.9376,"R"
2051,77.8718,14.4462,65.9698,"R"
2052,77.8872,14.4577,66.0019,"R"
2053,77.9094,14.4745,66.0341,"R"
2054,77.9332,14.4924,66.0663,"R"
2055,78.1147,14.6294,66.0984,"R"
2056,78.1363,14.6457,66.1306,"R"
2057,78.1518,14.6574,66.1628,"R"
2058,78.1629,14.6659,66.1949,"R"
2059,78.1848,14.6824,66.2271,"R"
2060,78.2054,14.6981,66.2592,"D"
2061,78.2315,14.7179,66.2914,"R"
2062,78.2461,14.729,66.3236,"R"
2063,78.2583,14.7383,66.3557,"R"
2064,78.2677,14.7454,66.3879,"R"
2065,78.2755,14.7514,66.4201,"R"
2066,78.2888,14.7615,66.4522,"R"
2067,78.3473,14.8062,66.4844,"D"
2068,78.3635,14.8186,66.5166,"R"
2069,78.3836,14.834,66.5487,"R"
2070,78.4065,14.8515,66.5809,"R"
2071,78.4886,14.9146,66.6131,"R"
2072,78.4919,14.9171,66.6452,"R"
2073,78.5098,14.9308,66.6774,"R"
2074,78.5193,14.9381,66.7096,"R"
2075,78.6213,15.0167,66.7417,"D"
2076,78.6288,15.0225,66.7739,"R"
2077,78.6523,15.0407,66.806,"R"
2078,78.6885,15.0686,66.8382,"R"
2079,78.6993,15.077,66.8704,"R"
2080,78.7305,15.1012,66.9025,"R"
2081,78.7604,15.1243,66.9347,"R"
2082,78.7796,15.1392,66.9669,"R"
2083,78.7956,15.1516,66.999,"R"
2084,78.8404,15.1864,67.0312,"R"
2085,78.8592,15.2011,67.0634,"R"
2086,78.8775,15.2154,67.0955,"R"
2087,78.9028,15.2352,67.1277,"R"
2088,78.9193,15.2481,67.1599,"R"
2089,78.9439,15.2674,67.192,"R"
2090,78.966,15.2849,67.2242,"R"
2091,78.9844,15.2995,67.2564,"R"
2092,78.9959,15.3085,67.2885,"R"
2093,79.0122,15.3214,67.3207,"R"
2094,79.0256,15.332,67.3528,"R"
2095,79.2392,15.502,67.385,"D"
2096,79.248,15.509,67.4172,"R"
2097,79.2693,15.526,67.4493,"D"
2098,79.285,15.5385,67.4815,"R"
2099,79.3052,15.5547,67.5137,"R"
2100,79.3224,15.5684,67.5458,"R"
2101,79.3523,15.5924,67.578,"R"
2102,79.3816,15.616,67.6102,"R"
2103,79.3875,15.6207,67.6423,"R"
2104,79.406,15.6356,67.6745,"R"
2105,79.4202,15.647,67.7067,"R"
2106,79.434,15.6581,67.7388,"R"
2107,79.4476,15.6691,67.771,"R"
2108,79.4607,15.6797,67.8032,"R"
2109,79.4771,15.693,67.8353,"R"
2110,79.4973,15.7093,67.8675,"R"
2111,79.5915,15.7855,67.8996,"R"
2112,79.6087,15.7995,67.9318,"R"
2113,79.63,15.8168,67.964,"R"
2114,79.646,15.8298,67.9961,"R"
2115,79.6692,15.8486,68.0283,"R"
2116,79.703,15.8761,68.0605,"R"
2117,79.7171,15.8876,68.0926,"R"
2118,79.744,15.9096,68.1248,"R"
2119,79.7533,15.9171,68.157,"R"
2120,79.7774,15.9369,68.1891,"R"
2121,79.7934,15.95,68.2213,"R"
2122,79.824,15.9751,68.2535,"R"
2123,79.8415,15.9894,68.2856,"R"
2124,79.8629,16.0069,68.3178,"R"
2125,79.8803,16.0212,68.35,"D"
2126,79.9146,16.0493,68.3821,"R"
2127,79.9273,16.0598,68.4143,"R"
2128,79.9382,16.0688,68.4464,"R"
2129,79.9487,16.0774,68.4786,"R"
2130,79.9654,16.0911,68.5108,"R"
2131,79.9805,16.1037,68.5429,"R"
2132,79.987,16.109,68.5751,"R"
2133,79.9973,16.1176,68.6073,"R"
2134,80.0112,16.1291,68.6394,"R"
2135,80.0306,16.1454,68.6716,"R"
2136,80.0952,16.1994,68.7038,"D"
2137,80.1222,16.222,68.7359,"R"
2138,80.1385,16.2356,68.7681,"D"
2139,80.1528,16.2476,68.8003,"R"
2140,80.1672,16.2597,68.8324,"R"
2141,80.1802,16.2707,68.8646,"R"
2142,80.1952,16.2834,68.8968,"R"
2143,80.217,16.3018,68.9289,"R"
2144,80.2229,16.3068,68.9611,"R"
2145,80.3339,16.4007,68.9932,"D"
2146,80.3995,16.4563,69.0254,"R"
2147,80.4206,16.4742,69.0576,"R"
2148,80.4372,16.4883,69.0897,"R"
2149,80.4596,16.5075,69.1219,"R"
2150,80.4754,16.521,69.1541,"R"
2151,80.505,16.5463,69.1862,"R"
2152,80.5216,16.5605,69.2184,"R"
2153,80.5303,16.5679,69.2506,"R"
2154,80.6844,16.7001,69.2827,"D"
2155,80.8192,16.8157,69.3149,"R"
2156,80.8361,16.8303,69.3471,"R"
2157,80.8655,16.8557,69.3792,"R"
2158,80.8816,16.8695,69.4114,"R"
2159,80.9116,16.8954,69.4436,"R"
2160,80.9264,16.9082,69.4757,"R"
2161,81.0381,17.0048,69.5079,"D"
2162,81.0556,17.0199,69.54,"D"
2163,81.0789,17.0401,69.5722,"R"
2164,81.1071,17.0645,69.6044,"R"
2165,81.1218,17.0774,69.6365,"R"
2166,81.1352,17.089,69.6687,"R"
2167,81.1685,17.118,69.7009,"R"
2168,81.1934,17.1398,69.733,"R"
2169,81.2137,17.1575,69.7652,"R"
2170,81.2396,17.1802,69.7974,"R"
2171,81.2536,17.1926,69.8295,"R"
2172,81.2664,17.2038,69.8617,"R"
2173,81.2743,17.2108,69.8939,"R"
2174,81.2816,17.2172,69.926,"R"
2175,81.3016,17.2349,69.9582,"R"
2176,81.3123,17.2443,69.9904,"R"
2177,81.345,17.2733,70.0225,"R"
2178,81.3637,17.2898,70.0547,"R"
2179,81.3727,17.2978,70.0868,"R"
2180,81.379,17.3033,70.119,"R"
2181,81.3929,17.3157,70.1512,"R"
2182,81.4058,17.3272,70.1833,"R"
2183,81.4166,17.3367,70.2155,"R"
2184,81.4269,17.3459,70.2477,"R"
2185,81.4515,17.3678,70.2798,"R"
2186,81.4899,17.4019,70.312,"R"
2187,81.5122,17.4218,70.3442,"R"
2188,81.52,17.4287,70.3763,"R"
2189,81.5475,17.4533,70.4085,"R"
2190,81.5797,17.4822,70.4407,"R"
2191,81.5934,17.4946,70.4728,"R"
2192,81.6067,17.5065,70.505,"R"
2193,81.6278,17.5255,70.5372,"R"
2194,81.6417,17.538,70.5693,"R"
2195,81.6599,17.5544,70.6015,"R"
2196,81.6786,17.5712,70.6336,"R"
2197,81.6999,17.5905,70.6658,"R"
2198,81.7109,17.6004,70.698,"R"
2199,81.7197,17.6084,70.7301,"R"
2200,81.7342,17.6215,70.7623,"R"
2201,81.7494,17.6353,70.7945,"R"
2202,81.7579,17.643,70.8266,"R"
2203,81.7638,17.6484,70.8588,"R"
2204,81.7839,17.6668,70.891,"R"
2205,81.8142,17.6947,70.9231,"R"
2206,81.8242,17.7039,70.9553,"R"
2207,81.8381,17.7167,70.9875,"R"
2208,81.8557,17.7328,71.0196,"R"
2209,81.8702,17.7462,71.0518,"R"
2210,81.8935,17.7678,71.0839,"R"
2211,81.9286,17.8003,71.1161,"R"
2212,81.9431,17.8138,71.1483,"R"
2213,81.9603,17.8297,71.1804,"R"
2214,81.9856,17.8532,71.2126,"R"
2215,82.0079,17.8739,71.2448,"R"
2216,82.0334,17.8977,71.2769,"R"
2217,82.0505,17.9136,71.3091,"R"
2218,82.0676,17.9296,71.3413,"D"
2219,82.0833,17.9443,71.3734,"R"
2220,82.0991,17.9592,71.4056,"R"
2221,82.122,17.9806,71.4378,"R"
2222,82.1636,18.0197,71.4699,"R"
2223,82.1803,18.0355,71.5021,"R"
2224,82.1971,18.0512,71.5343,"R"
2225,82.2266,18.079,71.5664,"R"
2226,82.2505,18.1017,71.5986,"R"
2227,82.2718,18.122,71.6307,"R"
2228,82.3039,18.1526,71.6629,"R"
2229,82.3279,18.1756,71.6951,"R"
2230,82.3493,18.196,71.7272,"R"
2231,82.3637,18.2098,71.7594,"R"
2232,82.3718,18.2175,71.7916,"R"
2233,82.395,18.2399,71.8237,"D"
2234,82.4161,18.2602,71.8559,"R"
2235,82.4281,18.2718,71.8881,"R"
2236,82.4528,18.2956,71.9202,"R"
2237,82.4644,18.3069,71.9524,"R"
2238,82.4752,18.3174,71.9846,"R"
2239,82.5146,18.3558,72.0167,"R"
2240,82.5743,18.4141,72.0489,"R"
2241,82.5879,18.4273,72.0811,"R"
2242,82.5997,18.4388,72.1132,"D"
2243,82.6383,18.4767,72.1454,"R"
2244,82.6906,18.528,72.1775,"R"
2245,82.711,18.5482,72.2097,"R"
2246,82.7249,18.5618,72.2419,"R"
2247,82.7443,18.5809,72.274,"R"
2248,82.7674,18.6036,72.3062,"R"
2249,82.779,18.6151,72.3384,"R"
2250,82.7945,18.6305,72.3705,"R"
2251,82.8116,18.6473,72.4027,"D"
2252,82.8259,18.6615,72.4349,"R"
2253,82.8539,18.6892,72.467,"R"
2254,82.8751,18.7101,72.4992,"R"
2255,82.9095,18.7442,72.5314,"R"
2256,82.9302,18.7647,72.5635,"R"
2257,82.9468,18.7811,72.5957,"R"
2258,82.9624,18.7967,72.6279,"R"
2259,82.976,18.8103,72.66,"R"
2260,82.9846,18.8188,72.6922,"R"
2261,83.0067,18.8411,72.7243,"R"
2262,83.0306,18.8651,72.7565,"R"
2263,83.0461,18.8806,72.7887,"D"
2264,83.0593,18.894,72.8208,"R"
2265,83.0707,18.9054,72.853,"R"
2266,83.0897,18.9247,72.8852,"R"
2267,83.1001,18.9354,72.9173,"R"
2268,83.1045,18.9399,72.9495,"R"
2269,83.1279,18.9638,72.9817,"R"
2270,83.1547,18.9913,73.0138,"R"
2271,83.1612,18.9979,73.046,"R"
2272,83.1668,19.0037,73.0782,"R"
2273,83.1862,19.0237,73.1103,"R"
2274,83.2133,19.0518,73.1425,"D"
2275,83.2307,19.0698,73.1747,"R"
2276,83.2455,19.0852,73.2068,"R"
2277,83.2586,19.0988,73.239,"R"
2278,83.4602,19.3084,73.2711,"R"
2279,83.4741,19.3229,73.3033,"R"
2280,83.5099,19.3603,73.3355,"R"
2281,83.5264,19.3775,73.3676,"R"
2282,83.5454,19.3973,73.3998,"R"
2283,83.5577,19.4101,73.432,"R"
2284,83.5718,19.425,73.4641,"R"
2285,83.5846,19.4385,73.4963,"R"
2286,83.5891,19.4433,73.5285,"R"
2287,83.5972,19.4518,73.5606,"R"
2288,83.6112,19.4668,73.5928,"R"
2289,83.6251,19.4815,73.625,"R"
2290,83.631,19.4879,73.6571,"R"
2291,83.6477,19.5057,73.6893,"R"
2292,83.6585,19.5173,73.7215,"R"
2293,83.6722,19.532,73.7536,"R"
2294,83.7006,19.5626,73.7858,"R"
2295,84.0115,19.8974,73.8179,"D"
2296,84.0224,19.9091,73.8501,"R"
2297,84.0366,19.9245,73.8823,"R"
2298,84.0511,19.9402,73.9144,"R"
2299,84.0644,19.9546,73.9466,"R"
2300,84.1198,20.015,73.9788,"R"
2301,84.1366,20.0333,74.0109,"R"
2302,84.1514,20.0495,74.0431,"R"
2303,84.1728,20.073,74.0753,"D"
2304,84.1894,20.0912,74.1074,"R"
2305,84.2115,20.1155,74.1396,"R"
2306,84.2177,20.1223,74.1718,"R"
2307,84.237,20.1436,74.2039,"R"
2308,84.2658,20.1753,74.2361,"R"
2309,84.2954,20.2081,74.2683,"R"
2310,84.3276,20.2437,74.3004,"R"
2311,84.3851,20.3079,74.3326,"R"
2312,84.3996,20.3242,74.3647,"R"
2313,84.4093,20.3351,74.3969,"R"
2314,84.4195,20.3465,74.4291,"R"
2315,84.4327,20.3614,74.4612,"D"
2316,84.4494,20.3801,74.4934,"R"
2317,84.4664,20.3991,74.5256,"R"
2318,84.4759,20.4099,74.5577,"R"
2319,84.4929,20.4291,74.5899,"R"
2320,84.5002,20.4373,74.6221,"R"
2321,84.5182,20.4577,74.6542,"R"
2322,84.5336,20.4752,74.6864,"R"
2323,84.5584,20.5034,74.7186,"R"
2324,84.5821,20.5303,74.7507,"D"
2325,84.5968,20.547,74.7829,"R"
2326,84.6122,20.5646,74.8151,"R"
2327,84.6315,20.5867,74.8472,"R"
2328,84.654,20.6124,74.8794,"R"
2329,84.6568,20.6156,74.9115,"D"
2330,84.6663,20.6267,74.9437,"R"
2331,84.6975,20.6629,74.9759,"R"
2332,84.7115,20.6791,75.008,"R"
2333,84.7295,20.7001,75.0402,"R"
2334,84.7605,20.7363,75.0724,"R"
2335,84.7757,20.7541,75.1045,"R"
2336,84.7915,20.7726,75.1367,"R"
2337,84.8028,20.7859,75.1689,"R"
2338,84.8206,20.8069,75.201,"R"
2339,84.8317,20.8201,75.2332,"R"
2340,84.838,20.8275,75.2654,"R"
2341,84.8572,20.8502,75.2975,"R"
2342,84.8801,20.8775,75.3297,"R"
2343,84.9039,20.9059,75.3619,"R"
2344,84.9117,20.9154,75.394,"R"
2345,84.9401,20.9494,75.4262,"R"
2346,84.9571,20.9698,75.4583,"R"
2347,84.9709,20.9864,75.4905,"R"
2348,84.9814,20.999,75.5227,"R"
2349,85.0065,21.0291,75.5548,"R"
2350,85.026,21.0526,75.587,"R"
2351,85.0403,21.07,75.6192,"R"
2352,85.0545,21.0873,75.6513,"R"
2353,85.0641,21.099,75.6835,"R"
2354,85.0965,21.1386,75.7157,"D"
2355,85.1098,21.1548,75.7478,"R"
2356,85.1251,21.1735,75.78,"R"
2357,85.1964,21.261,75.8122,"D"
2358,85.2418,21.317,75.8443,"R"
2359,85.2657,21.3465,75.8765,"D"
2360,85.2793,21.3633,75.9087,"R"
2361,85.294,21.3815,75.9408,"R"
2362,85.3124,21.4044,75.973,"R"
2363,85.3192,21.4129,76.0051,"R"
2364,85.3321,21.4288,76.0373,"R"
2365,85.3768,21.4844,76.0695,"R"
2366,85.3972,21.5097,76.1016,"R"
2367,85.4549,21.5815,76.1338,"R"
2368,85.4616,21.5899,76.166,"R"
2369,85.4796,21.6125,76.1981,"R"
2370,85.5022,21.6409,76.2303,"R"
2371,85.5137,21.6554,76.2625,"R"
2372,85.5442,21.6939,76.2946,"R"
2373,85.5571,21.7103,76.3268,"R"
2374,85.566,21.7215,76.359,"R"
2375,85.6585,21.8397,76.3911,"D"
2376,85.6721,21.8571,76.4233,"R"
2377,85.681,21.8686,76.4555,"R"
2378,85.694,21.8853,76.4876,"R"
2379,85.7197,21.9186,76.5198,"R"
2380,85.7304,21.9324,76.5519,"R"
2381,85.7513,21.9596,76.5841,"R"
2382,85.7725,21.9872,76.6163,"R"
2383,85.7931,22.014,76.6484,"R"
2384,85.8094,22.0353,76.6806,"R"
2385,85.8248,22.0554,76.7128,"R"
2386,85.8473,22.0849,76.7449,"D"
2387,85.861,22.1028,76.7771,"R"
2388,85.88,22.1277,76.8093,"R"
2389,85.8987,22.1524,76.8414,"R"
2390,85.909,22.1659,76.8736,"R"
2391,85.9309,22.1949,76.9058,"R"
2392,85.9397,22.2067,76.9379,"R"
2393,85.9626,22.2371,76.9701,"R"
2394,85.984,22.2656,77.0023,"R"
2395,85.9975,22.2836,77.0344,"R"
2396,86.0004,22.2875,77.0666,"R"
2397,86.0162,22.3086,77.0987,"R"
2398,86.043,22.3445,77.1309,"R"
2399,86.0525,22.3574,77.1631,"R"
2400,86.0713,22.3825,77.1952,"R"
2401,86.0908,22.4088,77.2274,"R"
2402,86.1137,22.4396,77.2596,"R"
2403,86.1278,22.4587,77.2917,"R"
2404,86.1401,22.4754,77.3239,"D"
2405,86.1483,22.4865,77.3561,"R"
2406,86.1568,22.4981,77.3882,"R"
2407,86.1748,22.5226,77.4204,"R"
2408,86.2064,22.5658,77.4526,"R"
2409,86.2276,22.5949,77.4847,"R"
2410,86.2505,22.6263,77.5169,"D"
2411,86.2567,22.6349,77.5491,"R"
2412,86.2747,22.6596,77.5812,"R"
2413,86.2938,22.686,77.6134,"R"
2414,86.3003,22.695,77.6455,"R"
2415,86.3192,22.7211,77.6777,"R"
2416,86.325,22.7293,77.7099,"D"
2417,86.3401,22.7504,77.742,"R"
2418,86.3802,22.8063,77.7742,"D"
2419,86.4046,22.8406,77.8064,"R"
2420,86.4214,22.8641,77.8385,"R"
2421,86.4352,22.8835,77.8707,"R"
2422,86.4468,22.8998,77.9029,"R"
2423,86.4781,22.9439,77.935,"D"
2424,86.5156,22.9967,77.9672,"D"
2425,86.5409,23.0325,77.9994,"R"
2426,86.5497,23.0449,78.0315,"R"
2427,86.5806,23.0886,78.0637,"R"
2428,86.5967,23.1115,78.0959,"R"
2429,86.6027,23.1202,78.128,"R"
2430,86.6232,23.1494,78.1602,"R"
2431,86.6445,23.18,78.1923,"D"
2432,86.6646,23.2088,78.2245,"R"
2433,86.6789,23.2295,78.2567,"R"
2434,86.6917,23.2481,78.2888,"R"
2435,86.7039,23.266,78.321,"R"
2436,86.7399,23.3188,78.3532,"R"
2437,86.7591,23.347,78.3853,"R"
2438,86.7731,23.3676,78.4175,"R"
2439,86.7775,23.374,78.4497,"R"
2440,86.8046,23.4139,78.4818,"R"
2441,86.8208,23.4377,78.514,"R"
2442,86.8388,23.4641,78.5462,"R"
2443,86.8584,23.4931,78.5783,"R"
2444,86.8814,23.5271,78.6105,"D"
2445,86.9025,23.5583,78.6427,"R"
2446,86.9163,23.5787,78.6748,"R"
2447,86.9701,23.6584,78.707,"R"
2448,87.012,23.7205,78.7391,"R"
2449,87.0173,23.7284,78.7713,"R"
2450,87.0369,23.7578,78.8035,"R"
2451,87.0611,23.7942,78.8356,"R"
2452,87.0731,23.8123,78.8678,"R"
2453,87.0888,23.8359,78.9,"R"
2454,87.1088,23.866,78.9321,"R"
2455,87.1194,23.8822,78.9643,"R"
2456,87.1437,23.9188,78.9965,"R"
2457,87.1579,23.9403,79.0286,"R"
2458,87.1643,23.95,79.0608,"R"
2459,87.1795,23.9731,79.093,"R"
2460,87.204,24.0103,79.1251,"R"
2461,87.2144,24.0261,79.1573,"R"
2462,87.2261,24.044,79.1894,"R"
2463,87.2464,24.0748,79.2216,"R"
2464,87.2525,24.0842,79.2538,"R"
2465,87.2764,24.1208,79.2859,"R"
2466,87.2852,24.1343,79.3181,"R"
2467,87.2937,24.1474,79.3503,"D"
2468,87.3008,24.1584,79.3824,"R"
2469,87.337,24.2145,79.4146,"R"
2470,87.3458,24.2281,79.4468,"R"
2471,87.3663,24.2598,79.4789,"R"
2472,87.3967,24.3071,79.5111,"R"
2473,87.4234,24.3488,79.5433,"R"
2474,87.45,24.3905,79.5754,"R"
2475,87.4744,24.4286,79.6076,"R"
2476,87.5049,24.4772,79.6398,"R"
2477,87.5342,24.5242,79.6719,"R"
2478,87.5561,24.5592,79.7041,"R"
2479,87.5806,24.5985,79.7362,"R"
2480,87.6216,24.6645,79.7684,"R"
2481,87.6307,24.6792,79.8006,"R"
2482,87.6523,24.7142,79.8327,"R"
2483,87.6703,24.7435,79.8649,"R"
2484,87.6796,24.7588,79.8971,"R"
2485,87.7004,24.7928,79.9292,"R"
2486,87.7239,24.8315,79.9614,"R"
2487,87.738,24.8546,79.9936,"R"
2488,87.744,24.8646,80.0257,"R"
2489,87.8319,25.0092,80.0579,"D"
2490,87.8573,25.0512,80.0901,"D"
2491,87.8767,25.0831,80.1222,"D"
2492,87.8986,25.1193,80.1544,"R"
2493,87.9111,25.14,80.1866,"R"
2494,87.9241,25.1615,80.2187,"R"
2495,87.9336,25.1773,80.2509,"R"
2496,87.9518,25.2074,80.283,"R"
2497,87.9723,25.2417,80.3152,"R"
2498,87.9861,25.2647,80.3474,"R"
2499,88.0007,25.289,80.3795,"R"
2500,88.0173,25.3168,80.4117,"R"
2501,88.0277,25.3341,80.4439,"R"
2502,88.0556,25.3809,80.476,"R"
2503,88.0692,25.4038,80.5082,"R"
2504,88.092,25.442,80.5404,"R"
2505,88.1056,25.4648,80.5725,"R"
2506,88.1198,25.4888,80.6047,"R"
2507,88.1336,25.512,80.6369,"R"
2508,88.1528,25.5445,80.669,"R"
2509,88.1601,25.5568,80.7012,"D"
2510,88.1792,25.5892,80.7334,"R"
2511,88.2172,25.6537,80.7655,"D"
2512,88.2345,25.6831,80.7977,"R"
2513,88.2581,25.7234,80.8298,"R"
2514,88.2918,25.781,80.862,"D"
2515,88.3261,25.8399,80.8942,"D"
2516,88.3525,25.8854,80.9263,"R"
2517,88.3601,25.8986,80.9585,"R"
2518,88.379,25.9312,80.9907,"R"
2519,88.4052,25.9767,81.0228,"R"
2520,88.4103,25.9856,81.055,"R"
2521,88.4293,26.0187,81.0872,"R"
2522,88.4465,26.0486,81.1193,"R"
2523,88.4645,26.0801,81.1515,"R"
2524,88.4723,26.0939,81.1837,"R"
2525,88.4895,26.1238,81.2158,"R"
2526,88.5082,26.157,81.248,"R"
2527,88.5278,26.1919,81.2802,"R"
2528,88.5522,26.2353,81.3123,"D"
2529,88.5682,26.2638,81.3445,"R"
2530,88.5819,26.2885,81.3766,"R"
2531,88.5932,26.3086,81.4088,"R"
2532,88.6061,26.3318,81.441,"R"
2533,88.6194,26.3558,81.4731,"R"
2534,88.6266,26.3687,81.5053,"R"
2535,88.6484,26.4081,81.5375,"R"
2536,88.6627,26.434,81.5696,"R"
2537,88.672,26.4509,81.6018,"R"
2538,88.691,26.4856,81.634,"R"
2539,88.7174,26.5335,81.6661,"R"
2540,88.726,26.5491,81.6983,"R"
2541,88.7346,26.5649,81.7305,"D"
2542,88.7501,26.5934,81.7626,"R"
2543,88.7595,26.6107,81.7948,"R"
2544,88.7782,26.6455,81.827,"R"
2545,88.8133,26.7105,81.8591,"R"
2546,88.8309,26.7432,81.8913,"R"
2547,88.8477,26.7746,81.9234,"R"
2548,88.8716,26.8192,81.9556,"R"
2549,88.8899,26.8535,81.9878,"R"
2550,88.9163,26.9032,82.0199,"R"
2551,88.9324,26.9336,82.0521,"D"
2552,88.954,26.9746,82.0843,"D"
2553,88.9836,27.031,82.1164,"R"
2554,89.0024,27.0668,82.1486,"R"
2555,89.0209,27.1023,82.1808,"R"
2556,89.0525,27.1628,82.2129,"D"
2557,89.0819,27.2193,82.2451,"D"
2558,89.0956,27.2458,82.2773,"R"
2559,89.1262,27.3052,82.3094,"R"
2560,89.158,27.3673,82.3416,"R"
2561,89.1669,27.3847,82.3738,"R"
2562,89.1805,27.4113,82.4059,"R"
2563,89.1929,27.4355,82.4381,"R"
2564,89.2149,27.4785,82.4702,"R"
2565,89.2368,27.5214,82.5024,"R"
2566,89.2741,27.5948,82.5346,"R"
2567,89.2874,27.6209,82.5667,"R"
2568,89.3029,27.6516,82.5989,"R"
2569,89.3177,27.6808,82.6311,"R"
2570,89.3285,27.7022,82.6632,"R"
2571,89.3518,27.7488,82.6954,"R"
2572,89.3629,27.7711,82.7276,"D"
2573,89.3812,27.808,82.7597,"R"
2574,89.4031,27.8521,82.7919,"R"
2575,89.4126,27.8714,82.8241,"R"
2576,89.4232,27.8928,82.8562,"D"
2577,89.4305,27.9076,82.8884,"R"
2578,89.4446,27.9364,82.9206,"R"
2579,89.4653,27.9784,82.9527,"R"
2580,89.4852,28.0192,82.9849,"R"
2581,89.4926,28.0344,83.017,"R"
2582,89.5242,28.0995,83.0492,"R"
2583,89.5444,28.141,83.0814,"R"
2584,89.5701,28.1943,83.1135,"R"
2585,89.5999,28.2559,83.1457,"D"
2586,89.6113,28.2797,83.1779,"R"
2587,89.6301,28.3192,83.21,"R"
2588,89.6977,28.4611,83.2422,"R"
2589,89.7238,28.516,83.2744,"R"
2590,89.7268,28.5223,83.3065,"R"
2591,89.7305,28.5301,83.3387,"D"
2592,89.7429,28.5563,83.3709,"D"
2593,89.7542,28.5802,83.403,"R"
2594,89.7751,28.6243,83.4352,"R"
2595,89.7942,28.6652,83.4674,"D"
2596,89.8285,28.7387,83.4995,"R"
2597,89.853,28.7915,83.5317,"R"
2598,89.8687,28.8253,83.5638,"R"
2599,89.8882,28.8677,83.596,"R"
2600,89.9194,28.9356,83.6282,"R"
2601,89.9487,28.9997,83.6603,"R"
2602,89.9609,29.0263,83.6925,"R"
2603,89.9875,29.0847,83.7247,"D"
2604,90.0148,29.1453,83.7568,"R"
2605,90.0284,29.1756,83.789,"R"
2606,90.0448,29.2121,83.8212,"R"
2607,90.058,29.2418,83.8533,"R"
2608,90.0615,29.2496,83.8855,"D"
2609,90.0791,29.2893,83.9177,"R"
2610,90.0877,29.3089,83.9498,"R"
2611,90.1044,29.3471,83.982,"R"
2612,90.1506,29.4527,84.0142,"R"
2613,90.1743,29.5071,84.0463,"R"
2614,90.1949,29.5546,84.0785,"R"
2615,90.2189,29.6102,84.1106,"R"
2616,90.232,29.6406,84.1428,"D"
2617,90.2541,29.6922,84.175,"D"
2618,90.2709,29.7316,84.2071,"R"
2619,90.2878,29.7713,84.2393,"R"
2620,90.3193,29.8455,84.2715,"R"
2621,90.3436,29.9029,84.3036,"D"
2622,90.3588,29.9389,84.3358,"R"
2623,90.3659,29.9556,84.368,"R"
2624,90.3785,29.9857,84.4001,"R"
2625,90.3974,30.0308,84.4323,"R"
2626,90.4331,30.1161,84.4645,"R"
2627,90.4509,30.1586,84.4966,"R"
2628,90.4667,30.1967,84.5288,"R"
2629,90.53,30.3491,84.561,"D"
2630,90.5395,30.372,84.5931,"R"
2631,90.5535,30.4059,84.6253,"R"
2632,90.569,30.4437,84.6574,"R"
2633,90.5899,30.4949,84.6896,"D"
2634,90.6053,30.5326,84.7218,"D"
2635,90.6138,30.5534,84.7539,"R"
2636,90.8577,31.1578,84.7861,"R"
2637,90.8864,31.2292,84.8183,"R"
2638,90.9103,31.2886,84.8504,"D"
2639,90.936,31.3524,84.8826,"R"
2640,90.9631,31.42,84.9148,"R"
2641,91.003,31.5197,84.9469,"R"
2642,91.27,32.1887,84.9791,"D"
2643,91.2932,32.2469,85.0113,"D"
2644,91.3438,32.3738,85.0434,"R"
2645,91.3887,32.4867,85.0756,"R"
2646,91.3941,32.5003,85.1078,"R"
2647,91.4243,32.5764,85.1399,"R"
2648,91.4342,32.6015,85.1721,"R"
2649,91.4515,32.6454,85.2042,"R"
2650,91.4709,32.695,85.2364,"R"
2651,91.483,32.7259,85.2686,"R"
2652,91.4999,32.7691,85.3007,"R"
2653,91.5145,32.8066,85.3329,"R"
2654,91.5481,32.8926,85.3651,"D"
2655,91.5701,32.9494,85.3972,"D"
2656,91.5946,33.0122,85.4294,"R"
2657,91.6081,33.047,85.4616,"D"
2658,91.6238,33.0878,85.4937,"R"
2659,91.6461,33.1459,85.5259,"R"
2660,91.6999,33.2863,85.5581,"R"
2661,91.7191,33.3367,85.5902,"R"
2662,91.7412,33.3952,85.6224,"D"
2663,91.7554,33.4328,85.6546,"R"
2664,91.769,33.4687,85.6867,"R"
2665,91.7931,33.5328,85.7189,"R"
2666,91.8002,33.5517,85.751,"R"
2667,91.81,33.5778,85.7832,"R"
2668,91.825,33.6178,85.8154,"R"
2669,91.8781,33.7599,85.8475,"R"
2670,91.9012,33.8221,85.8797,"R"
2671,91.9315,33.9038,85.9119,"R"
2672,91.943,33.9348,85.944,"R"
2673,91.9638,33.9908,85.9762,"D"
2674,91.9843,34.0468,86.0084,"R"
2675,92.0259,34.1608,86.0405,"R"
2676,92.0453,34.2138,86.0727,"R"
2677,92.0743,34.2936,86.1049,"R"
2678,92.0846,34.3224,86.137,"R"
2679,92.0924,34.3441,86.1692,"R"
2680,92.1024,34.3722,86.2014,"R"
2681,92.1308,34.4517,86.2335,"R"
2682,92.1574,34.5262,86.2657,"R"
2683,92.2252,34.7166,86.2978,"R"
2684,92.239,34.7553,86.33,"R"
2685,92.2534,34.7963,86.3622,"D"
2686,92.2707,34.8456,86.3943,"R"
2687,92.277,34.8634,86.4265,"R"
2688,92.2962,34.9184,86.4587,"R"
2689,92.3146,34.9714,86.4908,"D"
2690,92.3279,35.0098,86.523,"D"
2691,92.3566,35.0924,86.5552,"R"
2692,92.3764,35.1497,86.5873,"D"
2693,92.3876,35.1818,86.6195,"R"
2694,92.4032,35.2272,86.6517,"R"
2695,92.4149,35.2612,86.6838,"R"
2696,92.4332,35.3144,86.716,"R"
2697,92.4347,35.3189,86.7482,"D"
2698,92.4406,35.3362,86.7803,"R"
2699,92.4673,35.4157,86.8125,"R"
2700,92.4969,35.5045,86.8446,"D"
2701,92.5502,35.665,86.8768,"D"
2702,92.57,35.7247,86.909,"R"
2703,92.5826,35.7627,86.9411,"R"
2704,92.5984,35.8105,86.9733,"R"
2705,92.6193,35.8737,87.0055,"R"
2706,92.6221,35.8821,87.0376,"R"
2707,92.64,35.9362,87.0698,"D"
2708,92.6668,36.0174,87.102,"R"
2709,92.6823,36.0645,87.1341,"R"
2710,92.7139,36.1608,87.1663,"R"
2711,92.7224,36.1867,87.1985,"R"
2712,92.7821,36.3693,87.2306,"R"
2713,92.7876,36.386,87.2628,"R"
2714,92.801,36.4271,87.295,"R"
2715,92.8162,36.4741,87.3271,"D"
2716,92.8284,36.5118,87.3593,"R"
2717,92.8459,36.5667,87.3914,"R"
2718,92.8733,36.6527,87.4236,"D"
2719,92.9019,36.7426,87.4558,"R"
2720,92.918,36.7935,87.4879,"R"
2721,92.9656,36.944,87.5201,"R"
2722,92.9821,36.9964,87.5523,"R"
2723,93.0007,37.0558,87.5844,"R"
2724,93.0127,37.0949,87.6166,"R"
2725,93.0298,37.1501,87.6488,"R"
2726,93.0485,37.2109,87.6809,"R"
2727,93.0684,37.2759,87.7131,"R"
2728,93.075,37.2976,87.7453,"R"
2729,93.0947,37.362,87.7774,"R"
2730,93.1189,37.4417,87.8096,"D"
2731,93.1354,37.4961,87.8417,"R"
2732,93.1447,37.5267,87.8739,"R"
2733,93.1717,37.6167,87.9061,"R"
2734,93.1826,37.653,87.9382,"R"
2735,93.2041,37.7258,87.9704,"R"
2736,93.2077,37.7379,88.0026,"R"
2737,93.2378,37.8402,88.0347,"R"
2738,93.3098,38.0848,88.0669,"R"
2739,93.3279,38.1466,88.0991,"D"
2740,93.339,38.1849,88.1312,"R"
2741,93.3597,38.2567,88.1634,"R"
2742,93.3819,38.3343,88.1956,"D"
2743,93.4014,38.4024,88.2277,"R"
2744,93.4236,38.4801,88.2599,"R"
2745,93.442,38.5446,88.2921,"R"
2746,93.4803,38.6793,88.3242,"R"
2747,93.5034,38.7605,88.3564,"R"
2748,93.5174,38.8098,88.3885,"R"
2749,93.5416,38.8958,88.4207,"R"
2750,93.5595,38.9596,88.4529,"R"
2751,93.5784,39.0273,88.485,"R"
2752,93.6013,39.1091,88.5172,"D"
2753,93.6484,39.2779,88.5494,"R"
2754,93.661,39.3233,88.5815,"R"
2755,93.6721,39.3632,88.6137,"R"
2756,93.7004,39.4657,88.6459,"D"
2757,93.7149,39.5181,88.678,"R"
2758,93.7249,39.5544,88.7102,"R"
2759,93.742,39.6163,88.7424,"R"
2760,93.7608,39.6855,88.7745,"R"
2761,93.7882,39.787,88.8067,"R"
2762,93.8001,39.8315,88.8389,"R"
2763,93.8196,39.9038,88.871,"R"
2764,93.8465,40.004,88.9032,"D"
2765,93.9073,40.2324,88.9353,"R"
2766,93.9779,40.4974,88.9675,"D"
2767,93.9934,40.5558,88.9997,"R"
2768,94.0083,40.6122,89.0318,"R"
2769,94.0478,40.7621,89.064,"D"
2770,94.0614,40.8137,89.0962,"R"
2771,94.0791,40.8812,89.1283,"R"
2772,94.0946,40.9403,89.1605,"D"
2773,94.1116,41.0053,89.1927,"R"
2774,94.1372,41.1043,89.2248,"D"
2775,94.1514,41.1593,89.257,"R"
2776,94.1577,41.184,89.2892,"R"
2777,94.1715,41.238,89.3213,"R"
2778,94.1837,41.2862,89.3535,"R"
2779,94.1945,41.329,89.3857,"D"
2780,94.2293,41.4676,89.4178,"R"
2781,94.2916,41.7161,89.45,"D"
2782,94.304,41.7659,89.4821,"D"
2783,94.3277,41.8615,89.5143,"R"
2784,94.3481,41.9445,89.5465,"R"
2785,94.3624,42.0029,89.5786,"R"
2786,94.377,42.0624,89.6108,"R"
2787,94.3819,42.0824,89.643,"R"
2788,94.4047,42.1761,89.6751,"R"
2789,94.4385,42.3152,89.7073,"R"
2790,94.4483,42.3557,89.7395,"R"
2791,94.4704,42.4471,89.7716,"D"
2792,94.4789,42.4826,89.8038,"R"
2793,94.4881,42.5214,89.836,"D"
2794,94.5017,42.5783,89.8681,"R"
2795,94.5072,42.6013,89.9003,"R"
2796,94.5212,42.66,89.9325,"R"
2797,94.5339,42.7135,89.9646,"R"
2798,94.5614,42.8292,89.9968,"R"
2799,94.5761,42.8911,90.0289,"R"
2800,94.5908,42.9532,90.0611,"R"
2801,94.609,43.0302,90.0933,"R"
2802,94.6225,43.0872,90.1254,"D"
2803,94.6439,43.1779,90.1576,"R"
2804,94.6669,43.2755,90.1898,"R"
2805,94.6672,43.2766,90.2219,"R"
2806,94.6916,43.3809,90.2541,"D"
2807,95.0029,44.7221,90.2863,"R"
2808,95.0181,44.7875,90.3184,"R"
2809,95.0266,44.8246,90.3506,"R"
2810,95.0377,44.8733,90.3828,"D"
2811,95.0655,44.995,90.4149,"D"
2812,95.0857,45.0839,90.4471,"D"
2813,95.1081,45.1837,90.4793,"D"
2814,95.1391,45.3228,90.5114,"D"
2815,95.1579,45.4071,90.5436,"R"
2816,95.1771,45.4934,90.5757,"R"
2817,95.1997,45.5956,90.6079,"D"
2818,95.228,45.7239,90.6401,"D"
2819,95.244,45.7964,90.6722,"R"
2820,95.2613,45.8751,90.7044,"D"
2821,95.2823,45.9711,90.7366,"R"
2822,95.3145,46.1197,90.7687,"R"
2823,95.3401,46.238,90.8009,"D"
2824,95.3556,46.3098,90.8331,"D"
2825,95.3664,46.3603,90.8652,"R"
2826,95.3887,46.4644,90.8974,"D"
2827,95.3964,46.501,90.9296,"R"
2828,95.4236,46.6286,90.9617,"R"
2829,95.4379,46.6964,90.9939,"D"
2830,95.445,46.7298,91.0261,"D"
2831,95.4739,46.867,91.0582,"R"
2832,95.4962,46.9728,91.0904,"R"
2833,95.5159,47.0667,91.1225,"R"
2834,95.5502,47.2306,91.1547,"D"
2835,95.5724,47.3369,91.1869,"R"
2836,95.608,47.5085,91.219,"R"
2837,95.6201,47.5666,91.2512,"R"
2838,95.6273,47.6014,91.2834,"R"
2839,95.6426,47.6761,91.3155,"R"
2840,95.6568,47.7461,91.3477,"R"
2841,95.6724,47.8226,91.3799,"D"
2842,95.7288,48.1021,91.412,"D"
2843,95.7478,48.1966,91.4442,"D"
2844,95.7588,48.2515,91.4764,"D"
2845,95.7721,48.3184,91.5085,"R"
2846,95.8113,48.5183,91.5407,"D"
2847,95.8302,48.6141,91.5729,"D"
2848,95.8547,48.7402,91.605,"D"
2849,95.8844,48.8926,91.6372,"D"
2850,95.922,49.0862,91.6693,"D"
2851,95.9424,49.1913,91.7015,"R"
2852,95.9503,49.2325,91.7337,"R"
2853,95.9687,49.3292,91.7658,"R"
2854,95.9771,49.373,91.798,"R"
2855,95.9947,49.4656,91.8302,"D"
2856,96.0458,49.7359,91.8623,"D"
2857,96.0512,49.7647,91.8945,"R"
2858,96.089,49.9648,91.9267,"R"
2859,96.1029,50.0387,91.9588,"R"
2860,96.1079,50.0654,91.991,"R"
2861,96.1385,50.2283,92.0232,"R"
2862,96.147,50.2738,92.0553,"D"
2863,96.1649,50.3708,92.0875,"R"
2864,96.2021,50.5741,92.1197,"R"
2865,96.2198,50.6712,92.1518,"D"
2866,96.2376,50.7688,92.184,"D"
2867,96.266,50.9258,92.2161,"R"
2868,96.2931,51.0753,92.2483,"D"
2869,96.3166,51.2074,92.2805,"R"
2870,96.3317,51.2926,92.3126,"D"
2871,96.358,51.4425,92.3448,"D"
2872,96.3933,51.6434,92.377,"R"
2873,96.4031,51.6997,92.4091,"R"
2874,96.4181,51.7869,92.4413,"R"
2875,96.4586,52.0242,92.4735,"D"
2876,96.4691,52.0866,92.5056,"R"
2877,96.5011,52.2757,92.5378,"R"
2878,96.5101,52.3297,92.57,"D"
2879,96.5353,52.4797,92.6021,"R"
2880,96.5592,52.6223,92.6343,"D"
2881,96.5671,52.6703,92.6665,"R"
2882,96.5861,52.7864,92.6986,"R"
2883,96.5912,52.8177,92.7308,"R"
2884,96.6096,52.931,92.7629,"R"
2885,96.629,53.0515,92.7951,"R"
2886,96.6403,53.1215,92.8273,"R"
2887,96.6569,53.2255,92.8594,"R"
2888,96.6762,53.3469,92.8916,"R"
2889,96.6897,53.4314,92.9238,"R"
2890,96.7043,53.5239,92.9559,"D"
2891,96.7246,53.653,92.9881,"R"
2892,96.7249,53.6545,93.0203,"D"
2893,96.7371,53.7325,93.0524,"R"
2894,96.7374,53.7343,93.0846,"R"
2895,96.7425,53.7672,93.1168,"D"
2896,96.7517,53.8261,93.1489,"R"
2897,96.7783,53.9969,93.1811,"R"
2898,96.7992,54.1312,93.2133,"D"
2899,96.8112,54.209,93.2454,"R"
2900,96.826,54.3051,93.2776,"R"
2901,96.9684,55.2522,93.3097,"D"
2902,96.982,55.3435,93.3419,"R"
2903,97.0036,55.4887,93.3741,"D"
2904,97.008,55.5183,93.4062,"D"
2905,97.0149,55.5657,93.4384,"D"
2906,97.0217,55.612,93.4706,"D"
2907,97.056,55.8482,93.5027,"R"
2908,97.0608,55.8815,93.5349,"D"
2909,97.0741,55.9776,93.5671,"D"
2910,97.0815,56.0304,93.5992,"D"
2911,97.0929,56.1136,93.6314,"D"
2912,97.0965,56.1393,93.6636,"R"
2913,97.1629,56.6274,93.6957,"D"
2914,97.1695,56.6763,93.7279,"R"
2915,97.1829,56.7758,93.7601,"D"
2916,97.1971,56.8821,93.7922,"R"
2917,97.2254,57.0937,93.8244,"D"
2918,97.2412,57.2136,93.8565,"R"
2919,97.2657,57.4018,93.8887,"D"
2920,97.2927,57.6104,93.9209,"D"
2921,97.3116,57.7575,93.953,"R"
2922,97.3356,57.944,93.9852,"R"
2923,97.3464,58.0286,94.0174,"D"
2924,97.3555,58.1007,94.0495,"R"
2925,97.3569,58.1123,94.0817,"D"
2926,97.3861,58.3453,94.1139,"D"
2927,97.4015,58.4684,94.146,"D"
2928,97.4184,58.6046,94.1782,"D"
2929,97.4312,58.7083,94.2104,"R"
2930,97.4393,58.7739,94.2425,"R"
2931,97.4645,58.982,94.2747,"R"
2932,97.4821,59.1268,94.3069,"D"
2933,97.4856,59.1555,94.339,"D"
2934,97.5068,59.3319,94.3712,"D"
2935,97.5323,59.5436,94.4033,"D"
2936,97.5577,59.7559,94.4355,"D"
2937,97.5751,59.9021,94.4677,"D"
2938,97.5923,60.0462,94.4998,"R"
2939,97.6054,60.1555,94.532,"D"
2940,97.6341,60.3967,94.5642,"D"
2941,97.6559,60.5817,94.5963,"D"
2942,97.6912,60.8811,94.6285,"D"
2943,97.6914,60.8829,94.6607,"R"
2944,97.6955,60.9175,94.6928,"D"
2945,97.7148,61.0841,94.725,"D"
2946,97.7341,61.25,94.7572,"R"
2947,97.7564,61.4438,94.7893,"D"
2948,97.7566,61.4454,94.8215,"R"
2949,97.7756,61.6126,94.8537,"D"
2950,97.8104,61.9203,94.8858,"D"
2951,97.8362,62.1523,94.918,"D"
2952,97.8365,62.1548,94.9501,"D"
2953,97.849,62.2714,94.9823,"R"
2954,97.8533,62.312,95.0145,"R"
2955,97.8676,62.4471,95.0466,"R"
2956,97.8819,62.5837,95.0788,"D"
2957,97.8953,62.711,95.111,"R"
2958,97.914,62.8906,95.1431,"D"
2959,97.9326,63.0696,95.1753,"R"
2960,97.9464,63.2026,95.2075,"D"
2961,97.9518,63.255,95.2396,"R"
2962,97.9614,63.3479,95.2718,"D"
2963,97.9802,63.53,95.304,"R"
2964,97.9912,63.6364,95.3361,"R"
2965,98.0177,63.8938,95.3683,"R"
2966,98.0474,64.1857,95.4005,"R"
2967,98.0583,64.2926,95.4326,"R"
2968,98.0586,64.2963,95.4648,"D"
2969,98.1302,65.0125,95.4969,"D"
2970,98.1307,65.0177,95.5291,"R"
2971,98.1512,65.2241,95.5613,"D"
2972,98.1652,65.3658,95.5934,"R"
2973,98.1864,65.5856,95.6256,"R"
2974,98.1921,65.6456,95.6578,"D"
2975,98.2038,65.7694,95.6899,"D"
2976,98.2194,65.936,95.7221,"D"
2977,98.2416,66.1741,95.7543,"D"
2978,98.2494,66.2582,95.7864,"R"
2979,98.2609,66.3828,95.8186,"D"
2980,98.3046,66.8592,95.8508,"D"
2981,98.3216,67.0468,95.8829,"D"
2982,98.3224,67.0553,95.9151,"D"
2983,98.3404,67.2557,95.9472,"D"
2984,98.4047,67.9726,95.9794,"R"
2985,98.4149,68.0868,96.0116,"D"
2986,98.4485,68.4629,96.0437,"D"
2987,98.4489,68.4678,96.0759,"R"
2988,98.4591,68.5831,96.1081,"R"
2989,98.4876,68.9143,96.1402,"R"
2990,98.5296,69.4087,96.1724,"D"
2991,98.5451,69.593,96.2046,"R"
2992,98.5527,69.6833,96.2367,"R"
2993,98.5785,69.9907,96.2689,"R"
2994,98.5883,70.1077,96.3011,"D"
2995,98.6027,70.287,96.3332,"D"
2996,98.6166,70.4614,96.3654,"D"
2997,98.6511,70.8994,96.3976,"R"
2998,98.6651,71.0782,96.4297,"D"
2999,98.6978,71.4966,96.4619,"D"
3000,98.7182,71.7588,96.494,"R"
3001,98.7437,72.0857,96.5262,"D"
3002,98.755,72.2319,96.5584,"D"
3003,98.7856,72.6274,96.5905,"D"
3004,98.7859,72.6316,96.6227,"D"
3005,98.8062,72.8954,96.6549,"D"
3006,98.8068,72.9042,96.687,"D"
3007,98.8218,73.1056,96.7192,"D"
3008,98.8303,73.2206,96.7514,"D"
3009,98.8428,73.3918,96.7835,"D"
3010,98.8493,73.4821,96.8157,"D"
3011,98.8569,73.5876,96.8479,"D"
3012,98.872,73.7986,96.88,"D"
3013,98.8881,74.0215,96.9122,"D"
3014,98.9123,74.3591,96.9444,"D"
3015,98.953,74.931,96.9765,"D"
3016,98.967,75.1296,97.0087,"D"
3017,98.9687,75.1536,97.0408,"R"
3018,98.9692,75.1609,97.073,"R"
3019,98.985,75.3945,97.1052,"R"
3020,98.9929,75.5119,97.1373,"D"
3021,99.0212,75.9343,97.1695,"D"
3022,99.026,76.0076,97.2017,"D"
3023,99.0426,76.2664,97.2338,"D"
3024,99.0531,76.4317,97.266,"R"
3025,99.0694,76.6905,97.2982,"D"
3026,99.0805,76.8686,97.3303,"D"
3027,99.1113,77.3699,97.3625,"R"
3028,99.1172,77.4685,97.3947,"R"
3029,99.1175,77.4744,97.4268,"D"
3030,99.1178,77.4795,97.459,"D"
3031,99.1428,77.9023,97.4912,"D"
3032,99.1721,78.4023,97.5233,"D"
3033,99.1855,78.6307,97.5555,"D"
3034,99.3229,81.012,97.5876,"D"
3035,99.3234,81.0206,97.6198,"R"
3036,99.3811,82.0317,97.652,"D"
3037,99.394,82.2612,97.6841,"D"
3038,99.3998,82.3634,97.7163,"D"
3039,99.4143,82.6236,97.7485,"D"
3040,99.4226,82.7721,97.7806,"D"
3041,99.4519,83.3076,97.8128,"R"
3042,99.4653,83.5553,97.845,"D"
3043,99.4948,84.1057,97.8771,"D"
3044,99.4996,84.1948,97.9093,"D"
3045,99.5142,84.4691,97.9415,"D"
3046,99.5418,84.9904,97.9736,"D"
3047,99.559,85.3163,98.0058,"D"
3048,99.5596,85.3274,98.038,"D"
3049,99.561,85.3549,98.0701,"D"
3050,99.5857,85.8259,98.1023,"D"
3051,99.5995,86.0938,98.1344,"D"
3052,99.6173,86.4433,98.1666,"D"
3053,99.634,86.7729,98.1988,"D"
3054,99.6502,87.1027,98.2309,"R"
3055,99.6565,87.2322,98.2631,"R"
3056,99.6711,87.5327,98.2953,"D"
3057,99.6874,87.873,98.3274,"D"
3058,99.7051,88.2455,98.3596,"D"
3059,99.7074,88.2947,98.3918,"D"
3060,99.7149,88.4553,98.4239,"D"
3061,99.7329,88.8457,98.4561,"D"
3062,99.733,88.8476,98.4883,"D"
3063,99.7338,88.8658,98.5204,"D"
3064,99.7443,89.0996,98.5526,"D"
3065,99.7558,89.3618,98.5848,"D"
3066,99.7561,89.3676,98.6169,"R"
3067,99.7578,89.4084,98.6491,"D"
3068,99.7589,89.4353,98.6812,"D"
3069,99.7744,89.8126,98.7134,"D"
3070,99.7931,90.2747,98.7456,"D"
3071,99.7935,90.2834,98.7777,"D"
3072,99.7938,90.2911,98.8099,"D"
3073,99.8049,90.5832,98.8421,"D"
3074,99.8256,91.1285,98.8742,"D"
3075,99.8346,91.3676,98.9064,"D"
3076,99.8358,91.3977,98.9386,"D"
3077,99.849,91.7729,98.9707,"D"
3078,99.8508,91.8285,99.0029,"D"
3079,99.8511,91.8389,99.0351,"D"
3080,99.8779,92.7279,99.0672,"D"
3081,99.88,92.7977,99.0994,"D"
3082,99.8862,93.0121,99.1316,"D"
3083,99.8913,93.1906,99.1637,"D"
3084,99.8934,93.2658,99.1959,"D"
3085,99.9027,93.6037,99.228,"R"
3086,99.9109,93.9037,99.2602,"D"
3087,99.911,93.9075,99.2924,"D"
3088,99.9188,94.2044,99.3245,"D"
3089,99.9191,94.2131,99.3567,"D"
3090,99.951,95.5544,99.3889,"D"
3091,99.9514,95.5695,99.421,"D"
3092,99.9548,95.7256,99.4532,"D"
3093,99.96,95.9589,99.4854,"D"
3094,99.9643,96.1625,99.5175,"D"
3095,99.9739,96.629,99.5497,"R"
3096,99.9767,96.7763,99.5819,"D"
3097,99.9786,96.9067,99.614,"R"
3098,99.9787,96.9125,99.6462,"D"
3099,99.9796,96.9954,99.6784,"D"
3100,99.9811,97.1438,99.7105,"D"
3101,99.9831,97.3344,99.7427,"D"
3102,99.9852,97.5425,99.7748,"D"
3103,99.9857,97.5943,99.807,"D"
3104,99.9902,98.065,99.8392,"D"
3105,99.9939,98.5284,99.8713,"D"
3106,99.9955,98.7834,99.9035,"D"
3107,99.9969,99.021,99.9357,"D"
3108,99.9992,99.5724,99.9678,"D"
3109,100,100,100,"D"
