"state","cd","district","democrat","republican","dem_share","pres_party","house_rep","house_rep_party"
"AK","00","AK-00",41.41,54.54,43.16,"republican","Nick Begich","republican"
"AL","01","AL-01",21.89,76.94,22.15,"republican","Barry Moore","republican"
"AL","02","AL-02",53.52,45.31,54.15,"democrat","Shomari Figures","democrat"
"AL","03","AL-03",26.18,72.71,26.47,"republican","Mike Rogers","republican"
"AL","04","AL-04",15.96,83.02,16.12,"republican","Robert B. Aderholt","republican"
"AL","05","AL-05",34.2,64.02,34.82,"republican","Dale W. Strong","republican"
"AL","06","AL-06",29.68,68.47,30.24,"republican","Gary J. Palmer","republican"
"AL","07","AL-07",61.45,37.5,62.1,"democrat","Terri A. Sewell","democrat"
"AR","01","AR-01",26.37,71.71,26.89,"republican","Eric A. \""Rick\"" Crawford","republican"
"AR","02","AR-02",40.99,56.6,42,"republican","J. French Hill","republican"
"AR","03","AR-03",36.18,61.09,37.2,"republican","Steve Womack","republican"
"AR","04","AR-04",29.11,69.05,29.66,"republican","Bruce Westerman","republican"
"AZ","01","AZ-01",47.77,50.87,48.43,"republican","David Schweikert","republican"
"AZ","02","AZ-02",41.96,56.91,42.44,"republican","Elijah Crane","republican"
"AZ","03","AZ-03",68.9,29.31,70.16,"democrat","Yassamin Ansari","democrat"
"AZ","04","AZ-04",52.39,45.75,53.38,"democrat","Greg Stanton","democrat"
"AZ","05","AZ-05",39.32,59.22,39.9,"republican","Andy Biggs","republican"
"AZ","06","AZ-06",48.9,49.65,49.62,"republican","Juan Ciscomani","republican"
"AZ","07","AZ-07",60.31,38.24,61.2,"democrat","Raúl M. Grijalva","democrat"
"AZ","08","AZ-08",41.23,57.5,41.76,"republican","Abraham \""Abe\"" Hamadeh","republican"
"AZ","09","AZ-09",33.96,64.95,34.33,"republican","Paul A. Gosar","republican"
"CA","01","CA-01",36.12,61.07,37.16,"republican","Doug Lamalfa","republican"
"CA","02","CA-02",70.88,25.72,73.37,"democrat","Jared Huffman","democrat"
"CA","03","CA-03",46.52,50.33,48.03,"republican","Kevin Kiley","republican"
"CA","04","CA-04",64.04,32.82,66.12,"democrat","Mike Thompson","democrat"
"CA","05","CA-05",39.86,57.58,40.91,"republican","Tom Mcclintock","republican"
"CA","06","CA-06",55.23,41.36,57.18,"democrat","Ami Bera","democrat"
"CA","07","CA-07",63.1,33.35,65.42,"democrat","Doris O. Matsui","democrat"
"CA","08","CA-08",70.15,26.58,72.52,"democrat","John Garamendi","democrat"
"CA","09","CA-09",47.6,49.38,49.08,"republican","Josh Harder","democrat"
"CA","10","CA-10",65.21,31.43,67.48,"democrat","Mark Desaulnier","democrat"
"CA","11","CA-11",81.8,14.08,85.31,"democrat","Nancy Pelosi","democrat"
"CA","12","CA-12",84.54,10.64,88.82,"democrat","Lateefah Simon","democrat"
"CA","13","CA-13",45.9,51.32,47.21,"republican","Adam Gray","democrat"
"CA","14","CA-14",65.78,30.35,68.43,"democrat","Eric Swalwell","democrat"
"CA","15","CA-15",72.19,24.3,74.82,"democrat","Kevin Mullin","democrat"
"CA","16","CA-16",72.47,23.95,75.16,"democrat","Sam Liccardo","democrat"
"CA","17","CA-17",66.75,28.85,69.82,"democrat","Ro Khanna","democrat"
"CA","18","CA-18",63.19,33.68,65.23,"democrat","Zoe Lofgren","democrat"
"CA","19","CA-19",65.44,31.05,67.82,"democrat","Jimmy Panetta","democrat"
"CA","20","CA-20",33.69,64.01,34.48,"republican","Vince Fong","republican"
"CA","21","CA-21",50.57,46.79,51.94,"democrat","Jim Costa","democrat"
"CA","22","CA-22",45.77,51.6,47.01,"republican","David G. Valadao","republican"
"CA","23","CA-23",40.24,57.09,41.34,"republican","Jay Obernolte","republican"
"CA","24","CA-24",60.96,35.92,62.92,"democrat","Salud O. Carbajal","democrat"
"CA","25","CA-25",50.07,47.59,51.27,"democrat","Raul Ruiz","democrat"
"CA","26","CA-26",55.17,42.01,56.77,"democrat","Julia Brownley","democrat"
"CA","27","CA-27",50.47,46.58,52,"democrat","George Whitesides","democrat"
"CA","28","CA-28",61.8,34.87,63.93,"democrat","Judy Chu","democrat"
"CA","29","CA-29",65.83,31.03,67.96,"democrat","Luz Maria Rivas","democrat"
"CA","30","CA-30",68.81,27.75,71.26,"democrat","Laura Friedman","democrat"
"CA","31","CA-31",56.95,40.04,58.72,"democrat","Gil Cisneros","democrat"
"CA","32","CA-32",64.21,32.86,66.15,"democrat","Brad Sherman","democrat"
"CA","33","CA-33",52.92,44.18,54.5,"democrat","Pete Aguilar","democrat"
"CA","34","CA-34",73.06,22.42,76.52,"democrat","Jimmy Gomez","democrat"
"CA","35","CA-35",53.67,43.39,55.3,"democrat","Norma J. Torres","democrat"
"CA","36","CA-36",67.92,28.81,70.22,"democrat","Ted Lieu","democrat"
"CA","37","CA-37",78.66,18.27,81.15,"democrat","Sydney Kamlager-Dove","democrat"
"CA","38","CA-38",56.48,40.4,58.3,"democrat","Linda T. Sánchez","democrat"
"CA","39","CA-39",53.31,43.62,55,"democrat","Mark Takano","democrat"
"CA","40","CA-40",47.18,49.5,48.8,"republican","Young Kim","republican"
"CA","41","CA-41",45.73,51.66,46.96,"republican","Ken Calvert","republican"
"CA","42","CA-42",64.48,32.05,66.8,"democrat","Robert Garcia","democrat"
"CA","43","CA-43",72.88,23.91,75.3,"democrat","Maxine Waters","democrat"
"CA","44","CA-44",65.33,31.51,67.46,"democrat","Nanette Diaz Barragán","democrat"
"CA","45","CA-45",49.29,47.76,50.79,"democrat","Derek Tran","democrat"
"CA","46","CA-46",57.32,39.6,59.14,"democrat","J. Luis Correa","democrat"
"CA","47","CA-47",50.33,46.16,52.16,"democrat","Dave Min","democrat"
"CA","48","CA-48",41.11,56.42,42.15,"republican","Darrell Issa","republican"
"CA","49","CA-49",52.47,44.71,53.99,"democrat","Mike Levin","democrat"
"CA","50","CA-50",63.1,33.54,65.29,"democrat","Scott H. Peters","democrat"
"CA","51","CA-51",60.21,36.71,62.12,"democrat","Sara Jacobs","democrat"
"CA","52","CA-52",59.27,38.08,60.88,"democrat","Juan Vargas","democrat"
"CO","01","CO-01",76.52,20.58,78.81,"democrat","Diana Degette","democrat"
"CO","02","CO-02",68.48,28.71,70.46,"democrat","Joe Neguse","democrat"
"CO","03","CO-03",43.89,53.62,45.01,"republican","Jeff Hurd","republican"
"CO","04","CO-04",39.64,57.89,40.64,"republican","Lauren Boebert","republican"
"CO","05","CO-05",44.08,53.16,45.33,"republican","Jeff Crank","republican"
"CO","06","CO-06",58.45,38.67,60.18,"democrat","Jason Crow","democrat"
"CO","07","CO-07",56.1,41.11,57.71,"democrat","Brittany Pettersen","democrat"
"CO","08","CO-08",47.73,49.56,49.06,"republican","Gabe Evans","republican"
"CT","01","CT-01",60.59,37.71,61.64,"democrat","John B. Larson","democrat"
"CT","02","CT-02",53.01,45.29,53.93,"democrat","Joe Courtney","democrat"
"CT","03","CT-03",56.05,41.99,57.17,"democrat","Rosa L. Delauro","democrat"
"CT","04","CT-04",60.89,37.53,61.87,"democrat","James A. Himes","democrat"
"CT","05","CT-05",51.99,46.41,52.84,"democrat","Jahana Hayes","democrat"
"DE","00","DE-00",56.63,41.89,57.48,"democrat","Sarah Mcbride","democrat"
"FL","01","FL-01",30.88,68.1,31.2,"republican","Matt Gaetz","republican"
"FL","02","FL-02",40.48,58.55,40.88,"republican","Neal P. Dunn","republican"
"FL","03","FL-03",38.93,60.04,39.34,"republican","Kat Cammack","republican"
"FL","04","FL-04",43.49,55.32,44.01,"republican","Aaron Bean","republican"
"FL","05","FL-05",38.52,59.85,39.16,"republican","John H. Rutherford","republican"
"FL","06","FL-06",34.5,64.52,34.84,"republican","Michael Waltz","republican"
"FL","07","FL-07",43.11,55.62,43.66,"republican","Cory Mills","republican"
"FL","08","FL-08",38.35,60.72,38.71,"republican","Mike Haridopolos","republican"
"FL","09","FL-09",51.17,47.65,51.78,"democrat","Darren Soto","democrat"
"FL","10","FL-10",60.43,37.82,61.51,"democrat","Maxwell Frost","democrat"
"FL","11","FL-11",41.34,57.58,41.79,"republican","Daniel Webster","republican"
"FL","12","FL-12",32.24,66.77,32.56,"republican","Gus M. Bilirakis","republican"
"FL","13","FL-13",43.41,55.22,44.01,"republican","Anna Paulina Luna","republican"
"FL","14","FL-14",53.01,45.38,53.88,"democrat","Kathy Castor","democrat"
"FL","15","FL-15",43.52,54.68,44.32,"republican","Laurel M. Lee","republican"
"FL","16","FL-16",41.71,57.23,42.16,"republican","Vern Buchanan","republican"
"FL","17","FL-17",37.68,61.6,37.95,"republican","W. Gregory Steube","republican"
"FL","18","FL-18",34.9,64.33,35.17,"republican","Scott Franklin","republican"
"FL","19","FL-19",34.92,63.97,35.31,"republican","Byron Donalds","republican"
"FL","20","FL-20",69.26,29.57,70.08,"democrat","Sheila Cherfilus-Mccormick","democrat"
"FL","21","FL-21",41.19,57.69,41.66,"republican","Brian J. Mast","republican"
"FL","22","FL-22",52.17,46.62,52.81,"democrat","Lois Frankel","democrat"
"FL","23","FL-23",50.31,48.43,50.95,"democrat","Jared Moskowitz","democrat"
"FL","24","FL-24",64.38,34.43,65.16,"democrat","Frederica S. Wilson","democrat"
"FL","25","FL-25",51.98,46.69,52.68,"democrat","Debbie Wasserman Schultz","democrat"
"FL","26","FL-26",32.11,66.99,32.4,"republican","Mario Diaz-Balart","republican"
"FL","27","FL-27",42.12,56.73,42.61,"republican","Maria Elvira Salazar","republican"
"FL","28","FL-28",36.86,62.22,37.2,"republican","Carlos A. Gimenez","republican"
"GA","01","GA-01",41.96,57.62,42.14,"republican","Earl L. \""Buddy\"" Carter","republican"
"GA","02","GA-02",53.64,46.15,53.75,"democrat","Sanford D. Bishop, Jr.","democrat"
"GA","03","GA-03",34.27,65.23,34.44,"republican","Brian Jack","republican"
"GA","04","GA-04",75.57,23.37,76.38,"democrat","Henry C. \""Hank\"" Johnson, Jr.","democrat"
"GA","05","GA-05",85.56,13.47,86.4,"democrat","Nikema Williams","democrat"
"GA","06","GA-06",74.62,24.63,75.18,"democrat","Lucy Mcbath","democrat"
"GA","07","GA-07",38.86,59.96,39.32,"republican","Richard Mccormick","republican"
"GA","08","GA-08",34.23,65.54,34.31,"republican","Austin Scott","republican"
"GA","09","GA-09",32.22,67.14,32.43,"republican","Andrew S. Clyde","republican"
"GA","10","GA-10",38.81,60.66,39.02,"republican","Mike Collins","republican"
"GA","11","GA-11",37.68,61.4,38.03,"republican","Barry Loudermilk","republican"
"GA","12","GA-12",42.8,56.86,42.95,"republican","Rick W. Allen","republican"
"GA","13","GA-13",70.72,28.34,71.39,"democrat","David Scott","democrat"
"GA","14","GA-14",31.05,68.41,31.22,"republican","Marjorie Taylor Greene","republican"
"HI","01","HI-01",61.5,36.77,62.58,"democrat","Ed Case","democrat"
"HI","02","HI-02",59.74,38.14,61.03,"democrat","Jill N. Tokuda","democrat"
"IA","01","IA-01",45.04,53.5,45.71,"republican","Mariannette Miller-Meeks","republican"
"IA","02","IA-02",44.32,54.31,44.94,"republican","Ashley Hinson","republican"
"IA","03","IA-03",47.15,51.55,47.77,"republican","Zachary Nunn","republican"
"IA","04","IA-04",33.6,65.08,34.05,"republican","Randy Feenstra","republican"
"ID","01","ID-01",26.24,71.3,26.9,"republican","Russ Fulcher","republican"
"ID","02","ID-02",35.12,61.84,36.22,"republican","Michael K. Simpson","republican"
"IL","01","IL-01",65.37,33.36,66.21,"democrat","Jonathan L. Jackson","democrat"
"IL","02","IL-02",65.88,32.75,66.8,"democrat","Robin L. Kelly","democrat"
"IL","03","IL-03",64.72,33.53,65.87,"democrat","Delia C. Ramirez","democrat"
"IL","04","IL-04",63.31,35.01,64.39,"democrat","Jesús G. \""Chuy\"" García","democrat"
"IL","05","IL-05",68.01,30.79,68.84,"democrat","Mike Quigley","democrat"
"IL","06","IL-06",51.65,46.16,52.81,"democrat","Sean Casten","democrat"
"IL","07","IL-07",82.18,16.69,83.12,"democrat","Danny K. Davis","democrat"
"IL","08","IL-08",52.83,45.87,53.53,"democrat","Raja Krishnamoorthi","democrat"
"IL","09","IL-09",67.7,31.18,68.47,"democrat","Janice D. Schakowsky","democrat"
"IL","10","IL-10",60.34,38.32,61.16,"democrat","Bradley Scott Schneider","democrat"
"IL","11","IL-11",54.97,43.57,55.78,"democrat","Bill Foster","democrat"
"IL","12","IL-12",27.51,70.99,27.93,"republican","Mike Bost","republican"
"IL","13","IL-13",54.5,43.85,55.41,"democrat","Nikki Budzinski","democrat"
"IL","14","IL-14",51.75,46.56,52.64,"democrat","Lauren Underwood","democrat"
"IL","15","IL-15",29.26,69.17,29.73,"republican","Mary E. Miller","republican"
"IL","16","IL-16",37.79,60.53,38.44,"republican","Darin Lahood","republican"
"IL","17","IL-17",51.45,46.64,52.45,"democrat","Eric Sorensen","democrat"
"IN","01","IN-01",49.63,49.29,50.17,"democrat","Frank J. Mrvan","democrat"
"IN","02","IN-02",35.9,62.34,36.54,"republican","Rudy Yakym Iii","republican"
"IN","03","IN-03",34.14,65.75,34.18,"republican","Marlin A. Stutzman","republican"
"IN","04","IN-04",35.1,64.84,35.12,"republican","James R. Baird","republican"
"IN","05","IN-05",40.47,57.2,41.44,"republican","Victoria Spartz","republican"
"IN","06","IN-06",33.45,66.55,33.45,"republican","Jefferson Shreve","republican"
"IN","07","IN-07",69.75,28.38,71.08,"democrat","André Carson","democrat"
"IN","08","IN-08",31.76,68.26,31.75,"republican","Mark Messmer","republican"
"IN","09","IN-09",34.81,65.19,34.81,"republican","Erin Houchin","republican"
"KS","01","KS-01",33.45,64.72,34.07,"republican","Tracey Mann","republican"
"KS","02","KS-02",39.21,58.89,39.97,"republican","Derek Schmidt","republican"
"KS","03","KS-03",51.16,47.06,52.09,"democrat","Sharice Davids","democrat"
"KS","04","KS-04",37.5,60.79,38.15,"republican","Ron Estes","republican"
"KY","01","KY-01",25.71,72.99,26.05,"republican","James Comer","republican"
"KY","02","KY-02",28.61,69.92,29.04,"republican","Brett Guthrie","republican"
"KY","03","KY-03",58.53,39.62,59.63,"democrat","Morgan Mcgarvey","democrat"
"KY","04","KY-04",31.37,66.91,31.92,"republican","Thomas Massie","republican"
"KY","05","KY-05",17.45,81.32,17.67,"republican","Harold Rogers","republican"
"KY","06","KY-06",41.52,56.54,42.34,"republican","Andy Barr","republican"
"LA","01","LA-01",29.99,68.16,30.56,"republican","Steve Scalise","republican"
"LA","02","LA-02",64.7,33.35,65.99,"democrat","Troy A. Carter","democrat"
"LA","03","LA-03",26.82,71.84,27.18,"republican","Clay Higgins","republican"
"LA","04","LA-04",23.23,75.56,23.51,"republican","Mike Johnson","republican"
"LA","05","LA-05",31.06,67.44,31.53,"republican","Julia Letlow","republican"
"LA","06","LA-06",56.64,41.8,57.54,"democrat","Cleo Fields","democrat"
"MA","01","MA-01",55.63,41.86,57.06,"democrat","Richard E. Neal","democrat"
"MA","02","MA-02",60.26,36.71,62.14,"democrat","James P. Mcgovern","democrat"
"MA","03","MA-03",58.1,39.27,59.67,"democrat","Lori Trahan","democrat"
"MA","04","MA-04",58.44,38.86,60.06,"democrat","Jake Auchincloss","democrat"
"MA","05","MA-05",70.85,25.97,73.18,"democrat","Katherine M. Clark","democrat"
"MA","06","MA-06",59.04,38.47,60.55,"democrat","Seth Moulton","democrat"
"MA","07","MA-07",79.46,16.73,82.61,"democrat","Ayanna Pressley","democrat"
"MA","08","MA-08",61.72,35.49,63.49,"democrat","Stephen F. Lynch","democrat"
"MA","09","MA-09",54.29,43.58,55.47,"democrat","William R. Keating","democrat"
"MD","01","MD-01",40.17,56.99,41.34,"republican","Andy Harris","republican"
"MD","02","MD-02",57.48,39.17,59.47,"democrat","John \""Johnny O\"" Olszewski, Jr.","democrat"
"MD","03","MD-03",59.84,36.3,62.24,"democrat","Sarah Elfreth","democrat"
"MD","04","MD-04",85,11.77,87.84,"democrat","Glenn Ivey","democrat"
"MD","05","MD-05",65.11,32.03,67.03,"democrat","Steny H. Hoyer","democrat"
"MD","06","MD-06",51.25,45.51,52.97,"democrat","April Mcclain Delaney","democrat"
"MD","07","MD-07",77.68,19.12,80.25,"democrat","Kweisi Mfume","democrat"
"MD","08","MD-08",76.01,20.17,79.03,"democrat","Jamie Raskin","democrat"
"ME","01","ME-01",59.78,37.97,61.16,"democrat","Chellie Pingree","democrat"
"ME","02","ME-02",44.22,53.75,45.14,"republican","Continuing Ballots",NA
"MI","01","MI-01",38.65,59.89,39.22,"republican","Jack Bergman","republican"
"MI","02","MI-02",34.3,64.18,34.83,"republican","John R. Moolenaar","republican"
"MI","03","MI-03",52.96,45.12,54,"democrat","Hillary J. Scholten","democrat"
"MI","04","MI-04",46.25,51.92,47.11,"republican","Bill Huizenga","republican"
"MI","05","MI-05",35.63,62.71,36.23,"republican","Tim Walberg","republican"
"MI","06","MI-06",60.12,36.93,61.95,"democrat","Debbie Dingell","democrat"
"MI","07","MI-07",48.53,49.82,49.34,"republican","Tom Barrett","republican"
"MI","08","MI-08",48.21,50.2,48.99,"republican","Kristen Mcdonald Rivet","democrat"
"MI","09","MI-09",33.17,65.5,33.62,"republican","Lisa C. Mcclain","republican"
"MI","10","MI-10",45.69,52.24,46.66,"republican","John James","republican"
"MI","11","MI-11",57.06,40.96,58.21,"democrat","Haley M. Stevens","democrat"
"MI","12","MI-12",66.57,28.88,69.74,"democrat","Rashida Tlaib","democrat"
"MI","13","MI-13",69.42,28.04,71.23,"democrat","Shri Thanedar","democrat"
"MN","01","MN-01",43.06,55.06,43.89,"republican","Brad Finstad","republican"
"MN","02","MN-02",51.92,46.09,52.97,"democrat","Angie Craig","democrat"
"MN","03","MN-03",59.57,38.31,60.86,"democrat","Kelly Morrison","democrat"
"MN","04","MN-04",66.75,31.07,68.24,"democrat","Betty Mccollum","democrat"
"MN","05","MN-05",79.61,17.75,81.77,"democrat","Ilhan Omar","democrat"
"MN","06","MN-06",39.18,58.85,39.97,"republican","Tom Emmer","republican"
"MN","07","MN-07",30.93,67.41,31.45,"republican","Michelle Fischbach","republican"
"MN","08","MN-08",42.03,56.32,42.74,"republican","Pete Stauber","republican"
"MO","01","MO-01",77.65,20.53,79.09,"democrat","Wesley Bell","democrat"
"MO","02","MO-02",45.19,53.1,45.98,"republican","Ann Wagner","republican"
"MO","03","MO-03",35.88,62.66,36.41,"republican","Bob Onder","republican"
"MO","04","MO-04",28.21,70.51,28.58,"republican","Mark Alford","republican"
"MO","05","MO-05",60.69,37.53,61.79,"democrat","Emanuel Cleaver","democrat"
"MO","06","MO-06",29.97,68.83,30.33,"republican","Sam Graves","republican"
"MO","07","MO-07",28.09,70.68,28.44,"republican","Eric Burlison","republican"
"MO","08","MO-08",22.52,76.5,22.74,"republican","Jason Smith","republican"
"MS","01","MS-01",30.82,67.85,31.24,"republican","Trent Kelly","republican"
"MS","02","MS-02",59.68,39.29,60.3,"democrat","Bennie G. Thompson","democrat"
"MS","03","MS-03",34.49,63.68,35.13,"republican","Michael Guest","republican"
"MS","04","MS-04",28.19,70.72,28.5,"republican","Mike Ezell","republican"
"MT","01","MT-01",42.67,54.21,44.04,"republican","Ryan K. Zinke","republican"
"MT","02","MT-02",33.64,63.18,34.74,"republican","Troy Downing","republican"
"NC","01","NC-01",47.97,51.06,48.44,"republican","Donald G. Davis","democrat"
"NC","02","NC-02",66.21,31.92,67.47,"democrat","Deborah K. Ross","democrat"
"NC","03","NC-03",38.52,60.33,38.97,"republican","Gregory F. Murphy","republican"
"NC","04","NC-04",71.81,26.53,73.02,"democrat","Valerie P. Foushee","democrat"
"NC","05","NC-05",40.4,58.22,40.97,"republican","Virginia Foxx","republican"
"NC","06","NC-06",41.1,58.11,41.43,"republican","Addison Mcdowell","republican"
"NC","07","NC-07",42.52,56.31,43.02,"republican","David Rouzer","republican"
"NC","08","NC-08",39.58,59.14,40.09,"republican","Mark Harris","republican"
"NC","09","NC-09",41.71,57.5,42.04,"republican","Richard Hudson","republican"
"NC","10","NC-10",40.51,58.18,41.05,"republican","Pat Harrigan","republican"
"NC","11","NC-11",44.5,53.96,45.2,"republican","Chuck Edwards","republican"
"NC","12","NC-12",72.22,25.99,73.54,"democrat","Alma S. Adams","democrat"
"NC","13","NC-13",41.11,57.97,41.49,"republican","Brad Knott","republican"
"NC","14","NC-14",41.94,57.06,42.36,"republican","Tim Moore","republican"
"ND","00","ND-00",30.77,67.52,31.31,"republican","Julie Fedorchak","republican"
"NE","01","NE-01",42.77,55.82,43.38,"republican","Mike Flood","republican"
"NE","02","NE-02",51.64,47.02,52.34,"democrat","Don Bacon","republican"
"NE","03","NE-03",22.52,76.32,22.78,"republican","Adrian Smith","republican"
"NH","01","NH-01",50.27,48.28,51.01,"democrat","Chris Pappas","democrat"
"NH","02","NH-02",51.04,47.46,51.82,"democrat","Maggie Goodlander","democrat"
"NJ","01","NJ-01",58.61,39.88,59.51,"democrat","Donald Norcross","democrat"
"NJ","02","NJ-02",43,55.56,43.63,"republican","Jefferson Van Drew","republican"
"NJ","03","NJ-03",53.36,45,54.25,"democrat","Herb Conaway","democrat"
"NJ","04","NJ-04",34.26,64.37,34.74,"republican","Christopher H. Smith","republican"
"NJ","05","NJ-05",49.8,48.29,50.77,"democrat","Josh Gottheimer","democrat"
"NJ","06","NJ-06",51.95,45.53,53.29,"democrat","Frank Pallone, Jr.","democrat"
"NJ","07","NJ-07",48.45,49.63,49.4,"republican","Thomas H. Kean, Jr.","republican"
"NJ","08","NJ-08",60.83,36.65,62.4,"democrat","Robert Menendez","democrat"
"NJ","09","NJ-09",48.02,49.16,49.41,"republican","Nellie Pou","democrat"
"NJ","10","NJ-10",74.52,23.75,75.83,"democrat","Lamonica Mciver","democrat"
"NJ","11","NJ-11",53.34,44.62,54.45,"democrat","Mikie Sherrill","democrat"
"NJ","12","NJ-12",60.57,36.7,62.27,"democrat","Bonnie Watson Coleman","democrat"
"NM","01","NM-01",56.1,43.16,56.52,"democrat","Melanie A. Stansbury","democrat"
"NM","02","NM-02",48.33,50.25,49.03,"republican","Gabe Vasquez","democrat"
"NM","03","NM-03",51.67,46.83,52.46,"democrat","Teresa Leger Fernandez","democrat"
"NV","01","NV-01",50.24,47.98,51.15,"democrat","Dina Titus","democrat"
"NV","02","NV-02",41.84,55.82,42.84,"republican","Mark E. Amodei","republican"
"NV","03","NV-03",48.8,49.54,49.62,"republican","Susie Lee","democrat"
"NV","04","NV-04",50.47,47.65,51.44,"democrat","Steven Horsford","democrat"
"NY","01","NY-01",44.26,54.3,44.91,"republican","Nick Lalota","republican"
"NY","02","NY-02",42.77,56.79,42.96,"republican","Andrew R. Garbarino","republican"
"NY","03","NY-03",46.66,51.92,47.33,"republican","Thomas R. Suozzi","democrat"
"NY","04","NY-04",49.79,49.03,50.38,"democrat","Laura A. Gillen","democrat"
"NY","05","NY-05",70.13,28.36,71.21,"democrat","Gregory W. Meeks","democrat"
"NY","06","NY-06",52.3,45.89,53.26,"democrat","Grace Meng","democrat"
"NY","07","NY-07",71.55,25.69,73.58,"democrat","Nydia M. Velázquez","democrat"
"NY","08","NY-08",71.28,27.1,72.45,"democrat","Hakeem S. Jeffries","democrat"
"NY","09","NY-09",69.17,28.75,70.64,"democrat","Yvette D. Clarke","democrat"
"NY","10","NY-10",79.13,18.52,81.03,"democrat","Daniel S. Goldman","democrat"
"NY","11","NY-11",36.9,61.27,37.59,"republican","Nicole Malliotakis","republican"
"NY","12","NY-12",80.8,17.2,82.45,"democrat","Jerrold Nadler","democrat"
"NY","13","NY-13",78.74,19.61,80.06,"democrat","Adriano Espaillat","democrat"
"NY","14","NY-14",64.89,33.21,66.15,"democrat","Alexandria Ocasio-Cortez","democrat"
"NY","15","NY-15",73.57,25.3,74.41,"democrat","Ritchie Torres","democrat"
"NY","16","NY-16",66.25,33.14,66.66,"democrat","George S. Latimer","democrat"
"NY","17","NY-17",49.91,49.35,50.28,"democrat","Michael Lawler","republican"
"NY","18","NY-18",50.7,48.33,51.2,"democrat","Patrick Ryan","democrat"
"NY","19","NY-19",49.78,49.05,50.37,"democrat","Josh Riley","democrat"
"NY","20","NY-20",56.48,42.32,57.17,"democrat","Paul Tonko","democrat"
"NY","22","NY-22",53.54,45.89,53.85,"democrat","John W. Mannion","democrat"
"NY","23","NY-23",39.08,60.1,39.4,"republican","Nicholas A. Langworthy","republican"
"NY","24","NY-24",38.13,61.25,38.37,"republican","Claudia Tenney","republican"
"NY","25","NY-25",59.33,40.67,59.33,"democrat","Joseph D. Morelle","democrat"
"NY","26","NY-26",58.79,39.72,59.68,"democrat","Timothy M. Kennedy","democrat"
"OH","01","OH-01",52.68,46.34,53.2,"democrat","Greg Landsman","democrat"
"OH","02","OH-02",25.83,73.41,26.03,"republican","David J. Taylor","republican"
"OH","03","OH-03",69.61,29.37,70.33,"democrat","Joyce Beatty","democrat"
"OH","04","OH-04",31.18,67.94,31.46,"republican","Jim Jordan","republican"
"OH","05","OH-05",34.91,64.17,35.23,"republican","Robert E. Latta","republican"
"OH","06","OH-06",32.78,66.44,33.04,"republican","Michael A. Rulli","republican"
"OH","07","OH-07",44.26,54.9,44.63,"republican","Max L. Miller","republican"
"OH","08","OH-08",37.71,61.4,38.05,"republican","Warren Davidson","republican"
"OH","09","OH-09",46.18,52.89,46.61,"republican","Marcy Kaptur","democrat"
"OH","10","OH-10",46.64,52.37,47.11,"republican","Michael R. Turner","republican"
"OH","11","OH-11",77.18,22.11,77.73,"democrat","Shontel M. Brown","democrat"
"OH","12","OH-12",33.21,65.94,33.49,"republican","Troy Balderson","republican"
"OH","13","OH-13",49.57,49.52,50.03,"democrat","Emilia Strong Sykes","democrat"
"OH","14","OH-14",40.61,58.54,40.96,"republican","David P. Joyce","republican"
"OH","15","OH-15",44.9,54.1,45.35,"republican","Mike Carey","republican"
"OK","01","OK-01",38.18,59.71,39,"republican","Kevin Hern","republican"
"OK","02","OK-02",21.4,77.02,21.74,"republican","Josh Brecheen","republican"
"OK","03","OK-03",26.66,71.51,27.16,"republican","Frank D. Lucas","republican"
"OK","04","OK-04",32.58,65.51,33.21,"republican","Tom Cole","republican"
"OK","05","OK-05",39.76,57.99,40.68,"republican","Stephanie I. Bice","republican"
"OR","01","OR-01",66.76,29.16,69.6,"democrat","Suzanne Bonamici","democrat"
"OR","02","OR-02",34.9,61.96,36.03,"republican","Cliff Bentz","republican"
"OR","03","OR-03",70.73,25.12,73.79,"democrat","Maxine E. Dexter","democrat"
"OR","04","OR-04",54.14,42.16,56.22,"democrat","Val T. Hoyle","democrat"
"OR","05","OR-05",52.46,43.83,54.48,"democrat","Janelle S. Bynum","democrat"
"OR","06","OR-06",53.75,42.45,55.87,"democrat","Andrea Salinas","democrat"
"PA","01","PA-01",49.67,49.35,50.16,"democrat","Brian K. Fitzpatrick","republican"
"PA","02","PA-02",67.28,31.54,68.08,"democrat","Brendan F. Boyle","democrat"
"PA","03","PA-03",88.06,10.74,89.13,"democrat","Dwight Evans","democrat"
"PA","04","PA-04",57.38,41.58,57.98,"democrat","Madeleine Dean","democrat"
"PA","05","PA-05",63.79,35.15,64.47,"democrat","Mary Gay Scanlon","democrat"
"PA","06","PA-06",55.19,43.79,55.76,"democrat","Chrissy Houlahan","democrat"
"PA","07","PA-07",47.86,51.07,48.38,"republican","Ryan E. Mackenzie","republican"
"PA","08","PA-08",45.35,53.85,45.72,"republican","Rob Bresnahan, Jr.","republican"
"PA","09","PA-09",30.59,68.51,30.87,"republican","Daniel Meuser","republican"
"PA","10","PA-10",46.82,52.03,47.36,"republican","Scott Perry","republican"
"PA","11","PA-11",38.83,60.19,39.21,"republican","Lloyd Smucker","republican"
"PA","12","PA-12",59.13,39.95,59.68,"democrat","Summer L. Lee","democrat"
"PA","13","PA-13",26.83,72.37,27.05,"republican","John Joyce","republican"
"PA","14","PA-14",32.97,66.32,33.21,"republican","Guy Reschenthaler","republican"
"PA","15","PA-15",30.58,68.58,30.84,"republican","Glenn Thompson","republican"
"PA","16","PA-16",38.2,60.96,38.52,"republican","Mike Kelly","republican"
"PA","17","PA-17",52.28,46.77,52.78,"democrat","Christopher R. Deluzio","democrat"
"RI","01","RI-01",59.66,37.62,61.33,"democrat","Gabe Amo","democrat"
"RI","02","RI-02",52.04,45.29,53.47,"democrat","Seth Magaziner","democrat"
"SC","01","SC-01",42.69,55.79,43.35,"republican","Nancy Mace","republican"
"SC","02","SC-02",42.27,56.23,42.91,"republican","Joe Wilson","republican"
"SC","03","SC-03",27.84,70.89,28.2,"republican","Sheri Biggs","republican"
"SC","04","SC-04",37.38,61.01,37.99,"republican","William R. Timmons Iv","republican"
"SC","05","SC-05",37.93,60.71,38.45,"republican","Ralph Norman","republican"
"SC","06","SC-06",60.62,37.78,61.61,"democrat","James E. Clyburn","democrat"
"SC","07","SC-07",36.29,62.65,36.68,"republican","Russell Fry","republican"
"SD","00","SD-00",34.24,63.43,35.06,"republican","Dusty Johnson","republican"
"TN","01","TN-01",20.57,78.41,20.78,"republican","Diana Harshbarger","republican"
"TN","02","TN-02",32.38,66.24,32.83,"republican","Tim Burchett","republican"
"TN","03","TN-03",31.41,67.28,31.83,"republican","Charles J. \""Chuck\"" Fleischmann","republican"
"TN","04","TN-04",27.61,71.19,27.95,"republican","Scott Desjarlais","republican"
"TN","05","TN-05",40.21,58.2,40.86,"republican","Andrew Ogles","republican"
"TN","06","TN-06",31.94,66.81,32.34,"republican","John W. Rose","republican"
"TN","07","TN-07",38.13,60.41,38.69,"republican","Mark E. Green","republican"
"TN","08","TN-08",28.88,69.99,29.21,"republican","David Kustoff","republican"
"TN","09","TN-09",70.84,27.38,72.12,"democrat","Steve Cohen","democrat"
"TX","01","TX-01",24,75.25,24.18,"republican","Nathaniel Moran","republican"
"TX","02","TX-02",37.49,61.26,37.96,"republican","Dan Crenshaw","republican"
"TX","03","TX-03",38.63,58.66,39.71,"republican","Keith Self","republican"
"TX","04","TX-04",32.87,65.43,33.44,"republican","Pat Fallon","republican"
"TX","05","TX-05",35.84,62.87,36.31,"republican","Lance Gooden","republican"
"TX","06","TX-06",35.15,63.65,35.58,"republican","Jake Ellzey","republican"
"TX","07","TX-07",58.83,38.1,60.69,"democrat","Lizzie Fletcher","democrat"
"TX","08","TX-08",32.42,66.28,32.85,"republican","Morgan Luttrell","republican"
"TX","09","TX-09",71.23,27.18,72.38,"democrat","Al Green","democrat"
"TX","10","TX-10",36.85,61.63,37.42,"republican","Michael T. Mccaul","republican"
"TX","11","TX-11",26.82,72.24,27.07,"republican","August Pfluger","republican"
"TX","12","TX-12",38.1,60.68,38.57,"republican","Craig Goldman","republican"
"TX","13","TX-13",25.59,73.34,25.87,"republican","Ronny Jackson","republican"
"TX","14","TX-14",32.47,66.48,32.81,"republican","Randy K. Weber, Sr.","republican"
"TX","15","TX-15",40.66,58.5,41,"republican","Monica De La Cruz","republican"
"TX","16","TX-16",57.24,41.27,58.11,"democrat","Veronica Escobar","democrat"
"TX","17","TX-17",34.82,64.02,35.23,"republican","Pete Sessions","republican"
"TX","18","TX-18",69.13,29.36,70.19,"democrat","Sylvester Turner","democrat"
"TX","19","TX-19",23.69,75.36,23.92,"republican","Jodey C. Arrington","republican"
"TX","20","TX-20",59.91,38.68,60.77,"democrat","Joaquin Castro","democrat"
"TX","21","TX-21",37.53,61.15,38.03,"republican","Chip Roy","republican"
"TX","22","TX-22",39.18,58.66,40.04,"republican","Troy E. Nehls","republican"
"TX","23","TX-23",41.66,57.18,42.15,"republican","Tony Gonzales","republican"
"TX","24","TX-24",41.3,56.77,42.11,"republican","Beth Van Duyne","republican"
"TX","25","TX-25",31.24,67.54,31.63,"republican","Roger Williams","republican"
"TX","26","TX-26",37.58,60.99,38.13,"republican","Brandon Gill","republican"
"TX","27","TX-27",34.71,64.35,35.04,"republican","Michael Cloud","republican"
"TX","28","TX-28",45.82,53.13,46.31,"republican","Henry Cuellar","democrat"
"TX","29","TX-29",59.58,39.19,60.32,"democrat","Sylvia R. Garcia","democrat"
"TX","30","TX-30",72.57,25.77,73.79,"democrat","Jasmine Crockett","democrat"
"TX","31","TX-31",37.65,60.89,38.21,"republican","John R. Carter","republican"
"TX","32","TX-32",60.34,36.71,62.17,"democrat","Julie Johnson","democrat"
"TX","33","TX-33",65.56,31.88,67.28,"democrat","Marc A. Veasey","democrat"
"TX","34","TX-34",47.37,51.8,47.77,"republican","Vicente Gonzalez","democrat"
"TX","35","TX-35",65.84,32.25,67.12,"democrat","Greg Casar","democrat"
"TX","36","TX-36",31.05,67.83,31.4,"republican","Brian Babin","republican"
"TX","37","TX-37",73.23,24.22,75.15,"democrat","Lloyd Doggett","democrat"
"TX","38","TX-38",38.75,59.43,39.47,"republican","Wesley Hunt","republican"
"UT","01","UT-01",38.5,58.54,39.67,"republican","Blake D. Moore","republican"
"UT","02","UT-02",38.56,58.88,39.57,"republican","Celeste Maloy","republican"
"UT","03","UT-03",38.95,58.26,40.07,"republican","Mike Kennedy","republican"
"UT","04","UT-04",35.23,61.91,36.27,"republican","Burgess Owens","republican"
"VA","01","VA-01",46.66,51.58,47.5,"republican","Robert J. Wittman","republican"
"VA","02","VA-02",49.06,49.33,49.86,"republican","Jennifer A. Kiggans","republican"
"VA","03","VA-03",66.4,31.84,67.59,"democrat","Robert C. \""Bobby\"" Scott","democrat"
"VA","04","VA-04",65.41,32.82,66.59,"democrat","Jennifer L. Mcclellan","democrat"
"VA","05","VA-05",43.17,55.4,43.8,"republican","John J. Mcguire Iii","republican"
"VA","06","VA-06",37.17,61.25,37.77,"republican","Ben Cline","republican"
"VA","07","VA-07",50.29,47.44,51.46,"democrat","Eugene S. Vindman","democrat"
"VA","08","VA-08",73.04,23.76,75.45,"democrat","Donald S. Beyer, Jr.","democrat"
"VA","09","VA-09",27.47,71.38,27.79,"republican","H. Morgan Griffith","republican"
"VA","10","VA-10",52.59,44.28,54.29,"democrat","Suhas Subramanyam","democrat"
"VA","11","VA-11",65.18,31.18,67.64,"democrat","Gerald E. Connolly","democrat"
"VT","00","VT-00",64.36,32.59,66.38,"democrat","Becca Balint","democrat"
"WA","01","WA-01",62.15,33.68,64.85,"democrat","Suzan K. Delbene","democrat"
"WA","02","WA-02",59.84,36.33,62.22,"democrat","Rick Larsen","democrat"
"WA","03","WA-03",46.67,49.95,48.3,"republican","Marie Gluesenkamp Perez","democrat"
"WA","04","WA-04",38.11,58.66,39.38,"republican","Dan Newhouse","republican"
"WA","05","WA-05",42.85,53.56,44.45,"republican","Michael Baumgartner","republican"
"WA","06","WA-06",57.72,38.56,59.95,"democrat","Emily Randall","democrat"
"WA","07","WA-07",85.32,10.78,88.78,"democrat","Pramila Jayapal","democrat"
"WA","08","WA-08",50.93,45.2,52.98,"democrat","Kim Schrier","democrat"
"WA","09","WA-09",68.44,27.49,71.34,"democrat","Adam Smith","democrat"
"WA","10","WA-10",57.04,39.14,59.31,"democrat","Marilyn Strickland","democrat"
"WI","01","WI-01",46.89,51.39,47.71,"republican","Bryan Steil","republican"
"WI","02","WI-02",69.16,29.12,70.37,"democrat","Mark Pocan","democrat"
"WI","03","WI-03",45.46,52.84,46.25,"republican","Derrick Van Orden","republican"
"WI","04","WI-04",74.68,23.28,76.24,"democrat","Gwen Moore","democrat"
"WI","05","WI-05",38.15,60.24,38.77,"republican","Scott Fitzgerald","republican"
"WI","06","WI-06",41.02,57.46,41.65,"republican","Glenn Grothman","republican"
"WI","07","WI-07",37.94,60.4,38.58,"republican","Thomas P. Tiffany","republican"
"WI","08","WI-08",41.17,57.4,41.77,"republican","Tony Wied","republican"
"WV","01","WV-01",26.89,71.25,27.4,"republican","Carol D. Miller","republican"
"WV","02","WV-02",29.23,68.82,29.81,"republican","Riley Moore","republican"
"WY","00","WY-00",26.1,72.32,26.52,"republican","Harriet M. Hageman","republican"
